_id,host_id,item_name,oid,type,unit,interval,isBandwidth,isOverview,__v,createAt,updateAt
67c04ccb3295094538866d1e,67c04ccb3295094538866cd3,Total Inbound Traffic,1.3.6.1.2.1.2.2.1.10,counter,bit,60,false,true,0,2025-02-27T11:30:19.700Z,2025-02-27T11:30:19.700Z
67c04ccb3295094538866d1f,67c04ccb3295094538866cd3,Total Outbound Traffic,1.3.6.1.2.1.2.2.1.16,counter,bit,60,false,true,0,2025-02-27T11:30:19.700Z,2025-02-27T11:30:19.700Z
67c04ccb3295094538866d20,67c04ccb3295094538866cd3,CPU usage last second,1.3.6.1.4.1.9.6.1.101.1.7.0,integer,%,60,false,false,0,2025-02-27T11:30:19.700Z,2025-02-27T11:30:19.700Z
67c04ccb3295094538866d21,67c04ccb3295094538866cd3,CPU usage last minute,1.3.6.1.4.1.9.6.1.101.1.8.0,integer,%,60,false,false,0,2025-02-27T11:30:19.700Z,2025-02-27T11:30:19.700Z
67c04ccb3295094538866d22,67c04ccb3295094538866cd3,CPU usage last 5 minutes,1.3.6.1.4.1.9.6.1.101.1.9.0,integer,%,60,false,false,0,2025-02-27T11:30:19.700Z,2025-02-27T11:30:19.700Z
67c04ccb3295094538866d23,67c04ccb3295094538866cd3,Temperature sensor value,1.3.6.1.4.1.9.6.1.101.53.15.1.10.1,integer,C,60,false,false,0,2025-02-27T11:30:19.700Z,2025-02-27T11:30:19.700Z
67c04ccb3295094538866d24,67c04ccb3295094538866cd3,Temperature sensor status,1.3.6.1.4.1.9.6.1.101.53.15.1.11.1,integer,Status,60,false,false,0,2025-02-27T11:30:19.700Z,2025-02-27T11:30:19.700Z
67c04ccb3295094538866d25,67c04ccb3295094538866cd3,GigabitEthernet1 InOctets,1.3.6.1.2.1.2.2.1.10.1,counter,Octets,60,false,false,0,2025-02-27T11:30:19.700Z,2025-02-27T11:30:19.700Z
67c04ccb3295094538866d26,67c04ccb3295094538866cd3,GigabitEthernet1 InUcastPkts,1.3.6.1.2.1.2.2.1.11.1,counter,Packets,60,false,false,0,2025-02-27T11:30:19.700Z,2025-02-27T11:30:19.700Z
67c04ccb3295094538866d27,67c04ccb3295094538866cd3,GigabitEthernet1  InNUcastPkts,1.3.6.1.2.1.2.2.1.12.1,counter,Packets,60,false,false,0,2025-02-27T11:30:19.700Z,2025-02-27T11:30:19.700Z
67c04ccb3295094538866d28,67c04ccb3295094538866cd3,GigabitEthernet1 OutOctets,1.3.6.1.2.1.2.2.1.16.1,counter,Octets,60,false,false,0,2025-02-27T11:30:19.700Z,2025-02-27T11:30:19.700Z
67c04ccb3295094538866d29,67c04ccb3295094538866cd3,GigabitEthernet1 OutUcastPkts,1.3.6.1.2.1.2.2.1.17.1,counter,Packets,60,false,false,0,2025-02-27T11:30:19.700Z,2025-02-27T11:30:19.700Z
67c04ccb3295094538866d2a,67c04ccb3295094538866cd3,GigabitEthernet1 OutNUcastPkts,1.3.6.1.2.1.2.2.1.18.1,counter,Packets,60,false,false,0,2025-02-27T11:30:19.700Z,2025-02-27T11:30:19.700Z
67c04ccb3295094538866d2b,67c04ccb3295094538866cd3,GigabitEthernet2 InOctets,1.3.6.1.2.1.2.2.1.10.2,counter,Octets,60,false,false,0,2025-02-27T11:30:19.700Z,2025-02-27T11:30:19.700Z
67c04ccb3295094538866d2c,67c04ccb3295094538866cd3,GigabitEthernet2 InUcastPkts,1.3.6.1.2.1.2.2.1.11.2,counter,Packets,60,false,false,0,2025-02-27T11:30:19.700Z,2025-02-27T11:30:19.700Z
67c04ccb3295094538866d2d,67c04ccb3295094538866cd3,GigabitEthernet2  InNUcastPkts,1.3.6.1.2.1.2.2.1.12.2,counter,Packets,60,false,false,0,2025-02-27T11:30:19.700Z,2025-02-27T11:30:19.700Z
67c04ccb3295094538866d2e,67c04ccb3295094538866cd3,GigabitEthernet2 OutOctets,1.3.6.1.2.1.2.2.1.16.2,counter,Octets,60,false,false,0,2025-02-27T11:30:19.700Z,2025-02-27T11:30:19.700Z
67c04ccb3295094538866d2f,67c04ccb3295094538866cd3,GigabitEthernet2 OutUcastPkts,1.3.6.1.2.1.2.2.1.17.2,counter,Packets,60,false,false,0,2025-02-27T11:30:19.700Z,2025-02-27T11:30:19.700Z
67c04ccb3295094538866d30,67c04ccb3295094538866cd3,GigabitEthernet2 OutNUcastPkts,1.3.6.1.2.1.2.2.1.18.2,counter,Packets,60,false,false,0,2025-02-27T11:30:19.700Z,2025-02-27T11:30:19.700Z
67c04ccb3295094538866d31,67c04ccb3295094538866cd3,GigabitEthernet5 InOctets,1.3.6.1.2.1.2.2.1.10.5,counter,Octets,60,false,false,0,2025-02-27T11:30:19.700Z,2025-02-27T11:30:19.700Z
67c04ccb3295094538866d32,67c04ccb3295094538866cd3,GigabitEthernet5 InUcastPkts,1.3.6.1.2.1.2.2.1.11.5,counter,Packets,60,false,false,0,2025-02-27T11:30:19.700Z,2025-02-27T11:30:19.700Z
67c04ccb3295094538866d33,67c04ccb3295094538866cd3,GigabitEthernet5  InNUcastPkts,1.3.6.1.2.1.2.2.1.12.5,counter,Packets,60,false,false,0,2025-02-27T11:30:19.700Z,2025-02-27T11:30:19.700Z
67c04ccb3295094538866d34,67c04ccb3295094538866cd3,GigabitEthernet5 InErrors,1.3.6.1.2.1.2.2.1.14.5,counter,Packets,60,false,false,0,2025-02-27T11:30:19.700Z,2025-02-27T11:30:19.700Z
67c04ccb3295094538866d35,67c04ccb3295094538866cd3,GigabitEthernet5 OutOctets,1.3.6.1.2.1.2.2.1.16.5,counter,Octets,60,false,false,0,2025-02-27T11:30:19.700Z,2025-02-27T11:30:19.700Z
67c04ccb3295094538866d36,67c04ccb3295094538866cd3,GigabitEthernet5 OutUcastPkts,1.3.6.1.2.1.2.2.1.17.5,counter,Packets,60,false,false,0,2025-02-27T11:30:19.701Z,2025-02-27T11:30:19.701Z
67c04ccb3295094538866d37,67c04ccb3295094538866cd3,GigabitEthernet5 OutNUcastPkts,1.3.6.1.2.1.2.2.1.18.5,counter,Packets,60,false,false,0,2025-02-27T11:30:19.701Z,2025-02-27T11:30:19.701Z
67c04ccb3295094538866d38,67c04ccb3295094538866cd3,GigabitEthernet6 InOctets,1.3.6.1.2.1.2.2.1.10.6,counter,Octets,60,false,false,0,2025-02-27T11:30:19.701Z,2025-02-27T11:30:19.701Z
67c04ccb3295094538866d39,67c04ccb3295094538866cd3,GigabitEthernet6 InUcastPkts,1.3.6.1.2.1.2.2.1.11.6,counter,Packets,60,false,false,0,2025-02-27T11:30:19.701Z,2025-02-27T11:30:19.701Z
67c04ccb3295094538866d3a,67c04ccb3295094538866cd3,GigabitEthernet6  InNUcastPkts,1.3.6.1.2.1.2.2.1.12.6,counter,Packets,60,false,false,0,2025-02-27T11:30:19.701Z,2025-02-27T11:30:19.701Z
67c04ccb3295094538866d3b,67c04ccb3295094538866cd3,GigabitEthernet6 OutOctets,1.3.6.1.2.1.2.2.1.16.6,counter,Octets,60,false,false,0,2025-02-27T11:30:19.701Z,2025-02-27T11:30:19.701Z
67c04ccb3295094538866d3c,67c04ccb3295094538866cd3,GigabitEthernet6 OutUcastPkts,1.3.6.1.2.1.2.2.1.17.6,counter,Packets,60,false,false,0,2025-02-27T11:30:19.701Z,2025-02-27T11:30:19.701Z
67c04ccb3295094538866d3d,67c04ccb3295094538866cd3,GigabitEthernet6 OutNUcastPkts,1.3.6.1.2.1.2.2.1.18.6,counter,Packets,60,false,false,0,2025-02-27T11:30:19.701Z,2025-02-27T11:30:19.701Z
67c04ccb3295094538866d3e,67c04ccb3295094538866cd3,GigabitEthernet7 InOctets,1.3.6.1.2.1.2.2.1.10.7,counter,Octets,60,false,false,0,2025-02-27T11:30:19.701Z,2025-02-27T11:30:19.701Z
67c04ccb3295094538866d3f,67c04ccb3295094538866cd3,GigabitEthernet7 InUcastPkts,1.3.6.1.2.1.2.2.1.11.7,counter,Packets,60,false,false,0,2025-02-27T11:30:19.701Z,2025-02-27T11:30:19.701Z
67c04ccb3295094538866d40,67c04ccb3295094538866cd3,GigabitEthernet7  InNUcastPkts,1.3.6.1.2.1.2.2.1.12.7,counter,Packets,60,false,false,0,2025-02-27T11:30:19.701Z,2025-02-27T11:30:19.701Z
67c04ccb3295094538866d41,67c04ccb3295094538866cd3,GigabitEthernet7 OutOctets,1.3.6.1.2.1.2.2.1.16.7,counter,Octets,60,false,false,0,2025-02-27T11:30:19.701Z,2025-02-27T11:30:19.701Z
67c04ccb3295094538866d42,67c04ccb3295094538866cd3,GigabitEthernet7 OutUcastPkts,1.3.6.1.2.1.2.2.1.17.7,counter,Packets,60,false,false,0,2025-02-27T11:30:19.701Z,2025-02-27T11:30:19.701Z
67c04ccb3295094538866d43,67c04ccb3295094538866cd3,GigabitEthernet7 OutNUcastPkts,1.3.6.1.2.1.2.2.1.18.7,counter,Packets,60,false,false,0,2025-02-27T11:30:19.701Z,2025-02-27T11:30:19.701Z
67c04ccb3295094538866d44,67c04ccb3295094538866cd3,GigabitEthernet11 InOctets,1.3.6.1.2.1.2.2.1.10.11,counter,Octets,60,false,false,0,2025-02-27T11:30:19.701Z,2025-02-27T11:30:19.701Z
67c04ccb3295094538866d45,67c04ccb3295094538866cd3,GigabitEthernet11 InUcastPkts,1.3.6.1.2.1.2.2.1.11.11,counter,Packets,60,false,false,0,2025-02-27T11:30:19.701Z,2025-02-27T11:30:19.701Z
67c04ccb3295094538866d46,67c04ccb3295094538866cd3,GigabitEthernet11  InNUcastPkts,1.3.6.1.2.1.2.2.1.12.11,counter,Packets,60,false,false,0,2025-02-27T11:30:19.701Z,2025-02-27T11:30:19.701Z
67c04ccb3295094538866d47,67c04ccb3295094538866cd3,GigabitEthernet11 OutOctets,1.3.6.1.2.1.2.2.1.16.11,counter,Octets,60,false,false,0,2025-02-27T11:30:19.701Z,2025-02-27T11:30:19.701Z
67c04ccb3295094538866d48,67c04ccb3295094538866cd3,GigabitEthernet11 OutUcastPkts,1.3.6.1.2.1.2.2.1.17.11,counter,Packets,60,false,false,0,2025-02-27T11:30:19.701Z,2025-02-27T11:30:19.701Z
67c04ccb3295094538866d49,67c04ccb3295094538866cd3,GigabitEthernet11 OutNUcastPkts,1.3.6.1.2.1.2.2.1.18.11,counter,Packets,60,false,false,0,2025-02-27T11:30:19.701Z,2025-02-27T11:30:19.701Z
67c04ccb3295094538866d4a,67c04ccb3295094538866cd3,GigabitEthernet16 InOctets,1.3.6.1.2.1.2.2.1.10.16,counter,Octets,60,false,false,0,2025-02-27T11:30:19.701Z,2025-02-27T11:30:19.701Z
67c04ccb3295094538866d4b,67c04ccb3295094538866cd3,GigabitEthernet16 InUcastPkts,1.3.6.1.2.1.2.2.1.11.16,counter,Packets,60,false,false,0,2025-02-27T11:30:19.701Z,2025-02-27T11:30:19.701Z
67c04ccb3295094538866d4c,67c04ccb3295094538866cd3,GigabitEthernet16  InNUcastPkts,1.3.6.1.2.1.2.2.1.12.16,counter,Packets,60,false,false,0,2025-02-27T11:30:19.701Z,2025-02-27T11:30:19.701Z
67c04ccb3295094538866d4d,67c04ccb3295094538866cd3,GigabitEthernet16 OutOctets,1.3.6.1.2.1.2.2.1.16.16,counter,Octets,60,false,false,0,2025-02-27T11:30:19.701Z,2025-02-27T11:30:19.701Z
67c04ccb3295094538866d4e,67c04ccb3295094538866cd3,GigabitEthernet16 OutUcastPkts,1.3.6.1.2.1.2.2.1.17.16,counter,Packets,60,false,false,0,2025-02-27T11:30:19.701Z,2025-02-27T11:30:19.701Z
67c04ccb3295094538866d4f,67c04ccb3295094538866cd3,GigabitEthernet16 OutNUcastPkts,1.3.6.1.2.1.2.2.1.18.16,counter,Packets,60,false,false,0,2025-02-27T11:30:19.701Z,2025-02-27T11:30:19.701Z
67c04ccb3295094538866d50,67c04ccb3295094538866cd3,GigabitEthernet17 InOctets,1.3.6.1.2.1.2.2.1.10.17,counter,Octets,60,false,false,0,2025-02-27T11:30:19.701Z,2025-02-27T11:30:19.701Z
67c04ccb3295094538866d51,67c04ccb3295094538866cd3,GigabitEthernet17 InUcastPkts,1.3.6.1.2.1.2.2.1.11.17,counter,Packets,60,false,false,0,2025-02-27T11:30:19.701Z,2025-02-27T11:30:19.701Z
67c04ccb3295094538866d52,67c04ccb3295094538866cd3,GigabitEthernet17  InNUcastPkts,1.3.6.1.2.1.2.2.1.12.17,counter,Packets,60,false,false,0,2025-02-27T11:30:19.702Z,2025-02-27T11:30:19.702Z
67c04ccb3295094538866d53,67c04ccb3295094538866cd3,GigabitEthernet17 OutOctets,1.3.6.1.2.1.2.2.1.16.17,counter,Octets,60,false,false,0,2025-02-27T11:30:19.702Z,2025-02-27T11:30:19.702Z
67c04ccb3295094538866d54,67c04ccb3295094538866cd3,GigabitEthernet17 OutUcastPkts,1.3.6.1.2.1.2.2.1.17.17,counter,Packets,60,false,false,0,2025-02-27T11:30:19.702Z,2025-02-27T11:30:19.702Z
67c04ccb3295094538866d55,67c04ccb3295094538866cd3,GigabitEthernet17 OutNUcastPkts,1.3.6.1.2.1.2.2.1.18.17,counter,Packets,60,false,false,0,2025-02-27T11:30:19.702Z,2025-02-27T11:30:19.702Z
67c04ccb3295094538866d56,67c04ccb3295094538866cd3,GigabitEthernet18 InOctets,1.3.6.1.2.1.2.2.1.10.18,counter,Octets,60,false,false,0,2025-02-27T11:30:19.702Z,2025-02-27T11:30:19.702Z
67c04ccb3295094538866d57,67c04ccb3295094538866cd3,GigabitEthernet18 InUcastPkts,1.3.6.1.2.1.2.2.1.11.18,counter,Packets,60,false,false,0,2025-02-27T11:30:19.702Z,2025-02-27T11:30:19.702Z
67c04ccb3295094538866d58,67c04ccb3295094538866cd3,GigabitEthernet18  InNUcastPkts,1.3.6.1.2.1.2.2.1.12.18,counter,Packets,60,false,false,0,2025-02-27T11:30:19.702Z,2025-02-27T11:30:19.702Z
67c04ccb3295094538866d59,67c04ccb3295094538866cd3,GigabitEthernet18 OutOctets,1.3.6.1.2.1.2.2.1.16.18,counter,Octets,60,false,false,0,2025-02-27T11:30:19.702Z,2025-02-27T11:30:19.702Z
67c04ccb3295094538866d5a,67c04ccb3295094538866cd3,GigabitEthernet18 OutUcastPkts,1.3.6.1.2.1.2.2.1.17.18,counter,Packets,60,false,false,0,2025-02-27T11:30:19.702Z,2025-02-27T11:30:19.702Z
67c04ccb3295094538866d5b,67c04ccb3295094538866cd3,GigabitEthernet18 OutNUcastPkts,1.3.6.1.2.1.2.2.1.18.18,counter,Packets,60,false,false,0,2025-02-27T11:30:19.702Z,2025-02-27T11:30:19.702Z
67c04ccb3295094538866d5c,67c04ccb3295094538866cd3,GigabitEthernet20 InOctets,1.3.6.1.2.1.2.2.1.10.20,counter,Octets,60,false,false,0,2025-02-27T11:30:19.702Z,2025-02-27T11:30:19.702Z
67c04ccb3295094538866d5d,67c04ccb3295094538866cd3,GigabitEthernet20 InUcastPkts,1.3.6.1.2.1.2.2.1.11.20,counter,Packets,60,false,false,0,2025-02-27T11:30:19.702Z,2025-02-27T11:30:19.702Z
67c04ccb3295094538866d5e,67c04ccb3295094538866cd3,GigabitEthernet20  InNUcastPkts,1.3.6.1.2.1.2.2.1.12.20,counter,Packets,60,false,false,0,2025-02-27T11:30:19.702Z,2025-02-27T11:30:19.702Z
67c04ccb3295094538866d5f,67c04ccb3295094538866cd3,GigabitEthernet20 OutOctets,1.3.6.1.2.1.2.2.1.16.20,counter,Octets,60,false,false,0,2025-02-27T11:30:19.702Z,2025-02-27T11:30:19.702Z
67c04ccb3295094538866d60,67c04ccb3295094538866cd3,GigabitEthernet20 OutUcastPkts,1.3.6.1.2.1.2.2.1.17.20,counter,Packets,60,false,false,0,2025-02-27T11:30:19.702Z,2025-02-27T11:30:19.702Z
67c04ccb3295094538866d61,67c04ccb3295094538866cd3,GigabitEthernet20 OutNUcastPkts,1.3.6.1.2.1.2.2.1.18.20,counter,Packets,60,false,false,0,2025-02-27T11:30:19.702Z,2025-02-27T11:30:19.702Z
67c04ccb3295094538866d62,67c04ccb3295094538866cd3,GigabitEthernet21 InOctets,1.3.6.1.2.1.2.2.1.10.21,counter,Octets,60,false,false,0,2025-02-27T11:30:19.702Z,2025-02-27T11:30:19.702Z
67c04ccb3295094538866d63,67c04ccb3295094538866cd3,GigabitEthernet21 InUcastPkts,1.3.6.1.2.1.2.2.1.11.21,counter,Packets,60,false,false,0,2025-02-27T11:30:19.702Z,2025-02-27T11:30:19.702Z
67c04ccb3295094538866d64,67c04ccb3295094538866cd3,GigabitEthernet21  InNUcastPkts,1.3.6.1.2.1.2.2.1.12.21,counter,Packets,60,false,false,0,2025-02-27T11:30:19.702Z,2025-02-27T11:30:19.702Z
67c04ccb3295094538866d65,67c04ccb3295094538866cd3,GigabitEthernet21 OutOctets,1.3.6.1.2.1.2.2.1.16.21,counter,Octets,60,false,false,0,2025-02-27T11:30:19.702Z,2025-02-27T11:30:19.702Z
67c04ccb3295094538866d66,67c04ccb3295094538866cd3,GigabitEthernet21 OutUcastPkts,1.3.6.1.2.1.2.2.1.17.21,counter,Packets,60,false,false,0,2025-02-27T11:30:19.702Z,2025-02-27T11:30:19.702Z
67c04ccb3295094538866d67,67c04ccb3295094538866cd3,GigabitEthernet21 OutNUcastPkts,1.3.6.1.2.1.2.2.1.18.21,counter,Packets,60,false,false,0,2025-02-27T11:30:19.702Z,2025-02-27T11:30:19.702Z
67c04ccb3295094538866d68,67c04ccb3295094538866cd3,GigabitEthernet22 InOctets,1.3.6.1.2.1.2.2.1.10.22,counter,Octets,60,false,false,0,2025-02-27T11:30:19.702Z,2025-02-27T11:30:19.702Z
67c04ccb3295094538866d69,67c04ccb3295094538866cd3,GigabitEthernet22 InUcastPkts,1.3.6.1.2.1.2.2.1.11.22,counter,Packets,60,false,false,0,2025-02-27T11:30:19.702Z,2025-02-27T11:30:19.702Z
67c04ccb3295094538866d6a,67c04ccb3295094538866cd3,GigabitEthernet22  InNUcastPkts,1.3.6.1.2.1.2.2.1.12.22,counter,Packets,60,false,false,0,2025-02-27T11:30:19.702Z,2025-02-27T11:30:19.702Z
67c04ccb3295094538866d6b,67c04ccb3295094538866cd3,GigabitEthernet22 OutOctets,1.3.6.1.2.1.2.2.1.16.22,counter,Octets,60,false,false,0,2025-02-27T11:30:19.702Z,2025-02-27T11:30:19.702Z
67c04ccb3295094538866d6c,67c04ccb3295094538866cd3,GigabitEthernet22 OutUcastPkts,1.3.6.1.2.1.2.2.1.17.22,counter,Packets,60,false,false,0,2025-02-27T11:30:19.702Z,2025-02-27T11:30:19.702Z
67c04ccb3295094538866d6d,67c04ccb3295094538866cd3,GigabitEthernet22 OutNUcastPkts,1.3.6.1.2.1.2.2.1.18.22,counter,Packets,60,false,false,0,2025-02-27T11:30:19.703Z,2025-02-27T11:30:19.703Z
67c04ccb3295094538866d6e,67c04ccb3295094538866cd3,GigabitEthernet24 InOctets,1.3.6.1.2.1.2.2.1.10.24,counter,Octets,60,false,false,0,2025-02-27T11:30:19.703Z,2025-02-27T11:30:19.703Z
67c04ccb3295094538866d6f,67c04ccb3295094538866cd3,GigabitEthernet24 InUcastPkts,1.3.6.1.2.1.2.2.1.11.24,counter,Packets,60,false,false,0,2025-02-27T11:30:19.703Z,2025-02-27T11:30:19.703Z
67c04ccb3295094538866d70,67c04ccb3295094538866cd3,GigabitEthernet24  InNUcastPkts,1.3.6.1.2.1.2.2.1.12.24,counter,Packets,60,false,false,0,2025-02-27T11:30:19.703Z,2025-02-27T11:30:19.703Z
67c04ccb3295094538866d71,67c04ccb3295094538866cd3,GigabitEthernet24 OutOctets,1.3.6.1.2.1.2.2.1.16.24,counter,Octets,60,false,false,0,2025-02-27T11:30:19.703Z,2025-02-27T11:30:19.703Z
67c04ccb3295094538866d72,67c04ccb3295094538866cd3,GigabitEthernet24 OutUcastPkts,1.3.6.1.2.1.2.2.1.17.24,counter,Packets,60,false,false,0,2025-02-27T11:30:19.703Z,2025-02-27T11:30:19.703Z
67c04ccb3295094538866d73,67c04ccb3295094538866cd3,GigabitEthernet24 OutNUcastPkts,1.3.6.1.2.1.2.2.1.18.24,counter,Packets,60,false,false,0,2025-02-27T11:30:19.703Z,2025-02-27T11:30:19.703Z
67c04ccb3295094538866d74,67c04ccb3295094538866cd3,GigabitEthernet25 InOctets,1.3.6.1.2.1.2.2.1.10.25,counter,Octets,60,false,false,0,2025-02-27T11:30:19.703Z,2025-02-27T11:30:19.703Z
67c04ccb3295094538866d75,67c04ccb3295094538866cd3,GigabitEthernet25 InUcastPkts,1.3.6.1.2.1.2.2.1.11.25,counter,Packets,60,false,false,0,2025-02-27T11:30:19.703Z,2025-02-27T11:30:19.703Z
67c04ccb3295094538866d76,67c04ccb3295094538866cd3,GigabitEthernet25  InNUcastPkts,1.3.6.1.2.1.2.2.1.12.25,counter,Packets,60,false,false,0,2025-02-27T11:30:19.703Z,2025-02-27T11:30:19.703Z
67c04ccb3295094538866d77,67c04ccb3295094538866cd3,GigabitEthernet25 OutOctets,1.3.6.1.2.1.2.2.1.16.25,counter,Octets,60,false,false,0,2025-02-27T11:30:19.703Z,2025-02-27T11:30:19.703Z
67c04ccb3295094538866d78,67c04ccb3295094538866cd3,GigabitEthernet25 OutUcastPkts,1.3.6.1.2.1.2.2.1.17.25,counter,Packets,60,false,false,0,2025-02-27T11:30:19.703Z,2025-02-27T11:30:19.703Z
67c04ccb3295094538866d79,67c04ccb3295094538866cd3,GigabitEthernet25 OutNUcastPkts,1.3.6.1.2.1.2.2.1.18.25,counter,Packets,60,false,false,0,2025-02-27T11:30:19.703Z,2025-02-27T11:30:19.703Z
67c04ccb3295094538866d7a,67c04ccb3295094538866cd3,GigabitEthernet26 InOctets,1.3.6.1.2.1.2.2.1.10.26,counter,Octets,60,false,false,0,2025-02-27T11:30:19.703Z,2025-02-27T11:30:19.703Z
67c04ccb3295094538866d7b,67c04ccb3295094538866cd3,GigabitEthernet26 InUcastPkts,1.3.6.1.2.1.2.2.1.11.26,counter,Packets,60,false,false,0,2025-02-27T11:30:19.703Z,2025-02-27T11:30:19.703Z
67c04ccb3295094538866d7c,67c04ccb3295094538866cd3,GigabitEthernet26  InNUcastPkts,1.3.6.1.2.1.2.2.1.12.26,counter,Packets,60,false,false,0,2025-02-27T11:30:19.703Z,2025-02-27T11:30:19.703Z
67c04ccb3295094538866d7d,67c04ccb3295094538866cd3,GigabitEthernet26 OutOctets,1.3.6.1.2.1.2.2.1.16.26,counter,Octets,60,false,false,0,2025-02-27T11:30:19.703Z,2025-02-27T11:30:19.703Z
67c04ccb3295094538866d7e,67c04ccb3295094538866cd3,GigabitEthernet26 OutUcastPkts,1.3.6.1.2.1.2.2.1.17.26,counter,Packets,60,false,false,0,2025-02-27T11:30:19.703Z,2025-02-27T11:30:19.703Z
67c04ccb3295094538866d7f,67c04ccb3295094538866cd3,GigabitEthernet26 OutNUcastPkts,1.3.6.1.2.1.2.2.1.18.26,counter,Packets,60,false,false,0,2025-02-27T11:30:19.703Z,2025-02-27T11:30:19.703Z
67c04ccb3295094538866d80,67c04ccb3295094538866cd3,GigabitEthernet27 InOctets,1.3.6.1.2.1.2.2.1.10.27,counter,Octets,60,false,false,0,2025-02-27T11:30:19.703Z,2025-02-27T11:30:19.703Z
67c04ccb3295094538866d81,67c04ccb3295094538866cd3,GigabitEthernet27 InUcastPkts,1.3.6.1.2.1.2.2.1.11.27,counter,Packets,60,false,false,0,2025-02-27T11:30:19.703Z,2025-02-27T11:30:19.703Z
67c04ccb3295094538866d82,67c04ccb3295094538866cd3,GigabitEthernet27  InNUcastPkts,1.3.6.1.2.1.2.2.1.12.27,counter,Packets,60,false,false,0,2025-02-27T11:30:19.703Z,2025-02-27T11:30:19.703Z
67c04ccb3295094538866d83,67c04ccb3295094538866cd3,GigabitEthernet27 OutOctets,1.3.6.1.2.1.2.2.1.16.27,counter,Octets,60,false,false,0,2025-02-27T11:30:19.703Z,2025-02-27T11:30:19.703Z
67c04ccb3295094538866d84,67c04ccb3295094538866cd3,GigabitEthernet27 OutUcastPkts,1.3.6.1.2.1.2.2.1.17.27,counter,Packets,60,false,false,0,2025-02-27T11:30:19.703Z,2025-02-27T11:30:19.703Z
67c04ccb3295094538866d85,67c04ccb3295094538866cd3,GigabitEthernet27 OutNUcastPkts,1.3.6.1.2.1.2.2.1.18.27,counter,Packets,60,false,false,0,2025-02-27T11:30:19.703Z,2025-02-27T11:30:19.703Z
67c04ccb3295094538866d86,67c04ccb3295094538866cd3,GigabitEthernet28 InOctets,1.3.6.1.2.1.2.2.1.10.28,counter,Octets,60,false,false,0,2025-02-27T11:30:19.703Z,2025-02-27T11:30:19.703Z
67c04ccb3295094538866d87,67c04ccb3295094538866cd3,GigabitEthernet28 InUcastPkts,1.3.6.1.2.1.2.2.1.11.28,counter,Packets,60,false,false,0,2025-02-27T11:30:19.703Z,2025-02-27T11:30:19.703Z
67c04ccb3295094538866d88,67c04ccb3295094538866cd3,GigabitEthernet28  InNUcastPkts,1.3.6.1.2.1.2.2.1.12.28,counter,Packets,60,false,false,0,2025-02-27T11:30:19.703Z,2025-02-27T11:30:19.703Z
67c04ccb3295094538866d89,67c04ccb3295094538866cd3,GigabitEthernet28 OutOctets,1.3.6.1.2.1.2.2.1.16.28,counter,Octets,60,false,false,0,2025-02-27T11:30:19.703Z,2025-02-27T11:30:19.703Z
67c04ccb3295094538866d8a,67c04ccb3295094538866cd3,GigabitEthernet28 OutUcastPkts,1.3.6.1.2.1.2.2.1.17.28,counter,Packets,60,false,false,0,2025-02-27T11:30:19.703Z,2025-02-27T11:30:19.703Z
67c04ccb3295094538866d8b,67c04ccb3295094538866cd3,GigabitEthernet28 OutNUcastPkts,1.3.6.1.2.1.2.2.1.18.28,counter,Packets,60,false,false,0,2025-02-27T11:30:19.703Z,2025-02-27T11:30:19.703Z
67c04ccb3295094538866d8c,67c04ccb3295094538866cd3,GigabitEthernet29 InOctets,1.3.6.1.2.1.2.2.1.10.29,counter,Octets,60,false,false,0,2025-02-27T11:30:19.703Z,2025-02-27T11:30:19.703Z
67c04ccb3295094538866d8d,67c04ccb3295094538866cd3,GigabitEthernet29 InUcastPkts,1.3.6.1.2.1.2.2.1.11.29,counter,Packets,60,false,false,0,2025-02-27T11:30:19.703Z,2025-02-27T11:30:19.703Z
67c04ccb3295094538866d8e,67c04ccb3295094538866cd3,GigabitEthernet29  InNUcastPkts,1.3.6.1.2.1.2.2.1.12.29,counter,Packets,60,false,false,0,2025-02-27T11:30:19.703Z,2025-02-27T11:30:19.703Z
67c04ccb3295094538866d8f,67c04ccb3295094538866cd3,GigabitEthernet29 OutOctets,1.3.6.1.2.1.2.2.1.16.29,counter,Octets,60,false,false,0,2025-02-27T11:30:19.703Z,2025-02-27T11:30:19.703Z
67c04ccb3295094538866d90,67c04ccb3295094538866cd3,GigabitEthernet29 OutUcastPkts,1.3.6.1.2.1.2.2.1.17.29,counter,Packets,60,false,false,0,2025-02-27T11:30:19.703Z,2025-02-27T11:30:19.703Z
67c04ccb3295094538866d91,67c04ccb3295094538866cd3,GigabitEthernet29 OutNUcastPkts,1.3.6.1.2.1.2.2.1.18.29,counter,Packets,60,false,false,0,2025-02-27T11:30:19.703Z,2025-02-27T11:30:19.703Z
67c04ccb3295094538866d92,67c04ccb3295094538866cd3,GigabitEthernet49 InOctets,1.3.6.1.2.1.2.2.1.10.49,counter,Octets,60,false,false,0,2025-02-27T11:30:19.703Z,2025-02-27T11:30:19.703Z
67c04ccb3295094538866d93,67c04ccb3295094538866cd3,GigabitEthernet49 InUcastPkts,1.3.6.1.2.1.2.2.1.11.49,counter,Packets,60,false,false,0,2025-02-27T11:30:19.703Z,2025-02-27T11:30:19.703Z
67c04ccb3295094538866d94,67c04ccb3295094538866cd3,GigabitEthernet49  InNUcastPkts,1.3.6.1.2.1.2.2.1.12.49,counter,Packets,60,false,false,0,2025-02-27T11:30:19.703Z,2025-02-27T11:30:19.703Z
67c04ccb3295094538866d95,67c04ccb3295094538866cd3,GigabitEthernet49 OutOctets,1.3.6.1.2.1.2.2.1.16.49,counter,Octets,60,false,false,0,2025-02-27T11:30:19.703Z,2025-02-27T11:30:19.703Z
67c04ccb3295094538866d96,67c04ccb3295094538866cd3,GigabitEthernet49 OutUcastPkts,1.3.6.1.2.1.2.2.1.17.49,counter,Packets,60,false,false,0,2025-02-27T11:30:19.703Z,2025-02-27T11:30:19.703Z
67c04ccb3295094538866d97,67c04ccb3295094538866cd3,GigabitEthernet49 OutNUcastPkts,1.3.6.1.2.1.2.2.1.18.49,counter,Packets,60,false,false,0,2025-02-27T11:30:19.703Z,2025-02-27T11:30:19.703Z
67c04ccb3295094538866d98,67c04ccb3295094538866cd3,GigabitEthernet50 InOctets,1.3.6.1.2.1.2.2.1.10.50,counter,Octets,60,false,false,0,2025-02-27T11:30:19.703Z,2025-02-27T11:30:19.703Z
67c04ccb3295094538866d99,67c04ccb3295094538866cd3,GigabitEthernet50 InUcastPkts,1.3.6.1.2.1.2.2.1.11.50,counter,Packets,60,false,false,0,2025-02-27T11:30:19.703Z,2025-02-27T11:30:19.703Z
67c04ccb3295094538866d9a,67c04ccb3295094538866cd3,GigabitEthernet50  InNUcastPkts,1.3.6.1.2.1.2.2.1.12.50,counter,Packets,60,false,false,0,2025-02-27T11:30:19.703Z,2025-02-27T11:30:19.703Z
67c04ccb3295094538866d9b,67c04ccb3295094538866cd3,GigabitEthernet50 OutOctets,1.3.6.1.2.1.2.2.1.16.50,counter,Octets,60,false,false,0,2025-02-27T11:30:19.703Z,2025-02-27T11:30:19.703Z
67c04ccb3295094538866d9c,67c04ccb3295094538866cd3,GigabitEthernet50 OutUcastPkts,1.3.6.1.2.1.2.2.1.17.50,counter,Packets,60,false,false,0,2025-02-27T11:30:19.703Z,2025-02-27T11:30:19.703Z
67c04ccb3295094538866d9d,67c04ccb3295094538866cd3,GigabitEthernet50 OutNUcastPkts,1.3.6.1.2.1.2.2.1.18.50,counter,Packets,60,false,false,0,2025-02-27T11:30:19.703Z,2025-02-27T11:30:19.703Z
67c04d43329509453886cb7c,67c04d43329509453886cb32,Total Inbound Traffic,1.3.6.1.2.1.2.2.1.10,counter,bit,60,false,true,0,2025-02-27T11:32:19.937Z,2025-02-27T11:32:19.937Z
67c04d43329509453886cb7d,67c04d43329509453886cb32,Total Outbound Traffic,1.3.6.1.2.1.2.2.1.16,counter,bit,60,false,true,0,2025-02-27T11:32:19.937Z,2025-02-27T11:32:19.937Z
67c04d43329509453886cb7e,67c04d43329509453886cb32,CPU usage last second,1.3.6.1.4.1.9.6.1.101.1.7.0,integer,%,60,false,false,0,2025-02-27T11:32:19.937Z,2025-02-27T11:32:19.937Z
67c04d43329509453886cb7f,67c04d43329509453886cb32,CPU usage last minute,1.3.6.1.4.1.9.6.1.101.1.8.0,integer,%,60,false,false,0,2025-02-27T11:32:19.937Z,2025-02-27T11:32:19.937Z
67c04d43329509453886cb80,67c04d43329509453886cb32,CPU usage last 5 minutes,1.3.6.1.4.1.9.6.1.101.1.9.0,integer,%,60,false,false,0,2025-02-27T11:32:19.937Z,2025-02-27T11:32:19.937Z
67c04d43329509453886cb81,67c04d43329509453886cb32,Temperature sensor value,1.3.6.1.4.1.9.6.1.101.53.15.1.10.1,integer,C,60,false,false,0,2025-02-27T11:32:19.937Z,2025-02-27T11:32:19.937Z
67c04d43329509453886cb82,67c04d43329509453886cb32,Temperature sensor status,1.3.6.1.4.1.9.6.1.101.53.15.1.11.1,integer,Status,60,false,false,0,2025-02-27T11:32:19.937Z,2025-02-27T11:32:19.937Z
67c04d43329509453886cb83,67c04d43329509453886cb32,GigabitEthernet1 InOctets,1.3.6.1.2.1.2.2.1.10.1,counter,Octets,60,false,false,0,2025-02-27T11:32:19.937Z,2025-02-27T11:32:19.937Z
67c04d43329509453886cb84,67c04d43329509453886cb32,GigabitEthernet1 InUcastPkts,1.3.6.1.2.1.2.2.1.11.1,counter,Packets,60,false,false,0,2025-02-27T11:32:19.937Z,2025-02-27T11:32:19.937Z
67c04d43329509453886cb85,67c04d43329509453886cb32,GigabitEthernet1  InNUcastPkts,1.3.6.1.2.1.2.2.1.12.1,counter,Packets,60,false,false,0,2025-02-27T11:32:19.937Z,2025-02-27T11:32:19.937Z
67c04d43329509453886cb86,67c04d43329509453886cb32,GigabitEthernet1 OutOctets,1.3.6.1.2.1.2.2.1.16.1,counter,Octets,60,false,false,0,2025-02-27T11:32:19.937Z,2025-02-27T11:32:19.937Z
67c04d43329509453886cb87,67c04d43329509453886cb32,GigabitEthernet1 OutUcastPkts,1.3.6.1.2.1.2.2.1.17.1,counter,Packets,60,false,false,0,2025-02-27T11:32:19.939Z,2025-02-27T11:32:19.939Z
67c04d43329509453886cb88,67c04d43329509453886cb32,GigabitEthernet1 OutNUcastPkts,1.3.6.1.2.1.2.2.1.18.1,counter,Packets,60,false,false,0,2025-02-27T11:32:19.940Z,2025-02-27T11:32:19.940Z
67c04d43329509453886cb89,67c04d43329509453886cb32,GigabitEthernet2 InOctets,1.3.6.1.2.1.2.2.1.10.2,counter,Octets,60,false,false,0,2025-02-27T11:32:19.940Z,2025-02-27T11:32:19.940Z
67c04d43329509453886cb8a,67c04d43329509453886cb32,GigabitEthernet2 InUcastPkts,1.3.6.1.2.1.2.2.1.11.2,counter,Packets,60,false,false,0,2025-02-27T11:32:19.940Z,2025-02-27T11:32:19.940Z
67c04d43329509453886cb8b,67c04d43329509453886cb32,GigabitEthernet2  InNUcastPkts,1.3.6.1.2.1.2.2.1.12.2,counter,Packets,60,false,false,0,2025-02-27T11:32:19.940Z,2025-02-27T11:32:19.940Z
67c04d43329509453886cb8c,67c04d43329509453886cb32,GigabitEthernet2 OutOctets,1.3.6.1.2.1.2.2.1.16.2,counter,Octets,60,false,false,0,2025-02-27T11:32:19.940Z,2025-02-27T11:32:19.940Z
67c04d43329509453886cb8d,67c04d43329509453886cb32,GigabitEthernet2 OutUcastPkts,1.3.6.1.2.1.2.2.1.17.2,counter,Packets,60,false,false,0,2025-02-27T11:32:19.940Z,2025-02-27T11:32:19.940Z
67c04d43329509453886cb8e,67c04d43329509453886cb32,GigabitEthernet2 OutNUcastPkts,1.3.6.1.2.1.2.2.1.18.2,counter,Packets,60,false,false,0,2025-02-27T11:32:19.940Z,2025-02-27T11:32:19.940Z
67c04d43329509453886cb8f,67c04d43329509453886cb32,GigabitEthernet3 InOctets,1.3.6.1.2.1.2.2.1.10.3,counter,Octets,60,false,false,0,2025-02-27T11:32:19.940Z,2025-02-27T11:32:19.940Z
67c04d43329509453886cb90,67c04d43329509453886cb32,GigabitEthernet3 InUcastPkts,1.3.6.1.2.1.2.2.1.11.3,counter,Packets,60,false,false,0,2025-02-27T11:32:19.940Z,2025-02-27T11:32:19.940Z
67c04d43329509453886cb91,67c04d43329509453886cb32,GigabitEthernet3  InNUcastPkts,1.3.6.1.2.1.2.2.1.12.3,counter,Packets,60,false,false,0,2025-02-27T11:32:19.940Z,2025-02-27T11:32:19.940Z
67c04d43329509453886cb92,67c04d43329509453886cb32,GigabitEthernet3 OutOctets,1.3.6.1.2.1.2.2.1.16.3,counter,Octets,60,false,false,0,2025-02-27T11:32:19.940Z,2025-02-27T11:32:19.940Z
67c04d43329509453886cb93,67c04d43329509453886cb32,GigabitEthernet3 OutUcastPkts,1.3.6.1.2.1.2.2.1.17.3,counter,Packets,60,false,false,0,2025-02-27T11:32:19.940Z,2025-02-27T11:32:19.940Z
67c04d43329509453886cb94,67c04d43329509453886cb32,GigabitEthernet3 OutNUcastPkts,1.3.6.1.2.1.2.2.1.18.3,counter,Packets,60,false,false,0,2025-02-27T11:32:19.940Z,2025-02-27T11:32:19.940Z
67c04d43329509453886cb95,67c04d43329509453886cb32,GigabitEthernet4 InOctets,1.3.6.1.2.1.2.2.1.10.4,counter,Octets,60,false,false,0,2025-02-27T11:32:19.940Z,2025-02-27T11:32:19.940Z
67c04d43329509453886cb96,67c04d43329509453886cb32,GigabitEthernet4 InUcastPkts,1.3.6.1.2.1.2.2.1.11.4,counter,Packets,60,false,false,0,2025-02-27T11:32:19.940Z,2025-02-27T11:32:19.940Z
67c04d43329509453886cb97,67c04d43329509453886cb32,GigabitEthernet4  InNUcastPkts,1.3.6.1.2.1.2.2.1.12.4,counter,Packets,60,false,false,0,2025-02-27T11:32:19.940Z,2025-02-27T11:32:19.940Z
67c04d43329509453886cb98,67c04d43329509453886cb32,GigabitEthernet4 OutOctets,1.3.6.1.2.1.2.2.1.16.4,counter,Octets,60,false,false,0,2025-02-27T11:32:19.940Z,2025-02-27T11:32:19.940Z
67c04d43329509453886cb99,67c04d43329509453886cb32,GigabitEthernet4 OutUcastPkts,1.3.6.1.2.1.2.2.1.17.4,counter,Packets,60,false,false,0,2025-02-27T11:32:19.940Z,2025-02-27T11:32:19.940Z
67c04d43329509453886cb9a,67c04d43329509453886cb32,GigabitEthernet4 OutNUcastPkts,1.3.6.1.2.1.2.2.1.18.4,counter,Packets,60,false,false,0,2025-02-27T11:32:19.940Z,2025-02-27T11:32:19.940Z
67c04d43329509453886cb9b,67c04d43329509453886cb32,GigabitEthernet5 InOctets,1.3.6.1.2.1.2.2.1.10.5,counter,Octets,60,false,false,0,2025-02-27T11:32:19.940Z,2025-02-27T11:32:19.940Z
67c04d43329509453886cb9c,67c04d43329509453886cb32,GigabitEthernet5 InUcastPkts,1.3.6.1.2.1.2.2.1.11.5,counter,Packets,60,false,false,0,2025-02-27T11:32:19.940Z,2025-02-27T11:32:19.940Z
67c04d43329509453886cb9d,67c04d43329509453886cb32,GigabitEthernet5  InNUcastPkts,1.3.6.1.2.1.2.2.1.12.5,counter,Packets,60,false,false,0,2025-02-27T11:32:19.940Z,2025-02-27T11:32:19.940Z
67c04d43329509453886cb9e,67c04d43329509453886cb32,GigabitEthernet5 OutOctets,1.3.6.1.2.1.2.2.1.16.5,counter,Octets,60,false,false,0,2025-02-27T11:32:19.940Z,2025-02-27T11:32:19.940Z
67c04d43329509453886cb9f,67c04d43329509453886cb32,GigabitEthernet5 OutUcastPkts,1.3.6.1.2.1.2.2.1.17.5,counter,Packets,60,false,false,0,2025-02-27T11:32:19.940Z,2025-02-27T11:32:19.940Z
67c04d43329509453886cba0,67c04d43329509453886cb32,GigabitEthernet5 OutNUcastPkts,1.3.6.1.2.1.2.2.1.18.5,counter,Packets,60,false,false,0,2025-02-27T11:32:19.940Z,2025-02-27T11:32:19.940Z
67c04d43329509453886cba1,67c04d43329509453886cb32,GigabitEthernet6 InOctets,1.3.6.1.2.1.2.2.1.10.6,counter,Octets,60,false,false,0,2025-02-27T11:32:19.940Z,2025-02-27T11:32:19.940Z
67c04d43329509453886cba2,67c04d43329509453886cb32,GigabitEthernet6 InUcastPkts,1.3.6.1.2.1.2.2.1.11.6,counter,Packets,60,false,false,0,2025-02-27T11:32:19.940Z,2025-02-27T11:32:19.940Z
67c04d43329509453886cba3,67c04d43329509453886cb32,GigabitEthernet6  InNUcastPkts,1.3.6.1.2.1.2.2.1.12.6,counter,Packets,60,false,false,0,2025-02-27T11:32:19.940Z,2025-02-27T11:32:19.940Z
67c04d43329509453886cba4,67c04d43329509453886cb32,GigabitEthernet6 OutOctets,1.3.6.1.2.1.2.2.1.16.6,counter,Octets,60,false,false,0,2025-02-27T11:32:19.940Z,2025-02-27T11:32:19.940Z
67c04d43329509453886cba5,67c04d43329509453886cb32,GigabitEthernet6 OutUcastPkts,1.3.6.1.2.1.2.2.1.17.6,counter,Packets,60,false,false,0,2025-02-27T11:32:19.940Z,2025-02-27T11:32:19.940Z
67c04d43329509453886cba6,67c04d43329509453886cb32,GigabitEthernet6 OutNUcastPkts,1.3.6.1.2.1.2.2.1.18.6,counter,Packets,60,false,false,0,2025-02-27T11:32:19.940Z,2025-02-27T11:32:19.940Z
67c04d43329509453886cba7,67c04d43329509453886cb32,GigabitEthernet7 InOctets,1.3.6.1.2.1.2.2.1.10.7,counter,Octets,60,false,false,0,2025-02-27T11:32:19.940Z,2025-02-27T11:32:19.940Z
67c04d43329509453886cba8,67c04d43329509453886cb32,GigabitEthernet7 InUcastPkts,1.3.6.1.2.1.2.2.1.11.7,counter,Packets,60,false,false,0,2025-02-27T11:32:19.940Z,2025-02-27T11:32:19.940Z
67c04d43329509453886cba9,67c04d43329509453886cb32,GigabitEthernet7  InNUcastPkts,1.3.6.1.2.1.2.2.1.12.7,counter,Packets,60,false,false,0,2025-02-27T11:32:19.940Z,2025-02-27T11:32:19.940Z
67c04d43329509453886cbaa,67c04d43329509453886cb32,GigabitEthernet7 OutOctets,1.3.6.1.2.1.2.2.1.16.7,counter,Octets,60,false,false,0,2025-02-27T11:32:19.940Z,2025-02-27T11:32:19.940Z
67c04d43329509453886cbab,67c04d43329509453886cb32,GigabitEthernet7 OutUcastPkts,1.3.6.1.2.1.2.2.1.17.7,counter,Packets,60,false,false,0,2025-02-27T11:32:19.940Z,2025-02-27T11:32:19.940Z
67c04d43329509453886cbac,67c04d43329509453886cb32,GigabitEthernet7 OutNUcastPkts,1.3.6.1.2.1.2.2.1.18.7,counter,Packets,60,false,false,0,2025-02-27T11:32:19.940Z,2025-02-27T11:32:19.940Z
67c04d43329509453886cbad,67c04d43329509453886cb32,GigabitEthernet8 InOctets,1.3.6.1.2.1.2.2.1.10.8,counter,Octets,60,false,false,0,2025-02-27T11:32:19.940Z,2025-02-27T11:32:19.940Z
67c04d43329509453886cbae,67c04d43329509453886cb32,GigabitEthernet8 InUcastPkts,1.3.6.1.2.1.2.2.1.11.8,counter,Packets,60,false,false,0,2025-02-27T11:32:19.940Z,2025-02-27T11:32:19.940Z
67c04d43329509453886cbaf,67c04d43329509453886cb32,GigabitEthernet8  InNUcastPkts,1.3.6.1.2.1.2.2.1.12.8,counter,Packets,60,false,false,0,2025-02-27T11:32:19.940Z,2025-02-27T11:32:19.940Z
67c04d43329509453886cbb0,67c04d43329509453886cb32,GigabitEthernet8 OutOctets,1.3.6.1.2.1.2.2.1.16.8,counter,Octets,60,false,false,0,2025-02-27T11:32:19.940Z,2025-02-27T11:32:19.940Z
67c04d43329509453886cbb1,67c04d43329509453886cb32,GigabitEthernet8 OutUcastPkts,1.3.6.1.2.1.2.2.1.17.8,counter,Packets,60,false,false,0,2025-02-27T11:32:19.940Z,2025-02-27T11:32:19.940Z
67c04d43329509453886cbb2,67c04d43329509453886cb32,GigabitEthernet8 OutNUcastPkts,1.3.6.1.2.1.2.2.1.18.8,counter,Packets,60,false,false,0,2025-02-27T11:32:19.940Z,2025-02-27T11:32:19.940Z
67c04d43329509453886cbb3,67c04d43329509453886cb32,GigabitEthernet9 InOctets,1.3.6.1.2.1.2.2.1.10.9,counter,Octets,60,false,false,0,2025-02-27T11:32:19.940Z,2025-02-27T11:32:19.940Z
67c04d43329509453886cbb4,67c04d43329509453886cb32,GigabitEthernet9 InUcastPkts,1.3.6.1.2.1.2.2.1.11.9,counter,Packets,60,false,false,0,2025-02-27T11:32:19.940Z,2025-02-27T11:32:19.940Z
67c04d43329509453886cbb5,67c04d43329509453886cb32,GigabitEthernet9  InNUcastPkts,1.3.6.1.2.1.2.2.1.12.9,counter,Packets,60,false,false,0,2025-02-27T11:32:19.940Z,2025-02-27T11:32:19.940Z
67c04d43329509453886cbb6,67c04d43329509453886cb32,GigabitEthernet9 OutOctets,1.3.6.1.2.1.2.2.1.16.9,counter,Octets,60,false,false,0,2025-02-27T11:32:19.940Z,2025-02-27T11:32:19.940Z
67c04d43329509453886cbb7,67c04d43329509453886cb32,GigabitEthernet9 OutUcastPkts,1.3.6.1.2.1.2.2.1.17.9,counter,Packets,60,false,false,0,2025-02-27T11:32:19.940Z,2025-02-27T11:32:19.940Z
67c04d43329509453886cbb8,67c04d43329509453886cb32,GigabitEthernet9 OutNUcastPkts,1.3.6.1.2.1.2.2.1.18.9,counter,Packets,60,false,false,0,2025-02-27T11:32:19.940Z,2025-02-27T11:32:19.940Z
67c04d43329509453886cbb9,67c04d43329509453886cb32,GigabitEthernet11 InOctets,1.3.6.1.2.1.2.2.1.10.11,counter,Octets,60,false,false,0,2025-02-27T11:32:19.940Z,2025-02-27T11:32:19.940Z
67c04d43329509453886cbba,67c04d43329509453886cb32,GigabitEthernet11 InUcastPkts,1.3.6.1.2.1.2.2.1.11.11,counter,Packets,60,false,false,0,2025-02-27T11:32:19.940Z,2025-02-27T11:32:19.940Z
67c04d43329509453886cbbb,67c04d43329509453886cb32,GigabitEthernet11  InNUcastPkts,1.3.6.1.2.1.2.2.1.12.11,counter,Packets,60,false,false,0,2025-02-27T11:32:19.940Z,2025-02-27T11:32:19.940Z
67c04d43329509453886cbbc,67c04d43329509453886cb32,GigabitEthernet11 OutOctets,1.3.6.1.2.1.2.2.1.16.11,counter,Octets,60,false,false,0,2025-02-27T11:32:19.940Z,2025-02-27T11:32:19.940Z
67c04d43329509453886cbbd,67c04d43329509453886cb32,GigabitEthernet11 OutUcastPkts,1.3.6.1.2.1.2.2.1.17.11,counter,Packets,60,false,false,0,2025-02-27T11:32:19.940Z,2025-02-27T11:32:19.940Z
67c04d43329509453886cbbe,67c04d43329509453886cb32,GigabitEthernet11 OutNUcastPkts,1.3.6.1.2.1.2.2.1.18.11,counter,Packets,60,false,false,0,2025-02-27T11:32:19.940Z,2025-02-27T11:32:19.940Z
67c04d43329509453886cbbf,67c04d43329509453886cb32,GigabitEthernet14 InOctets,1.3.6.1.2.1.2.2.1.10.14,counter,Octets,60,false,false,0,2025-02-27T11:32:19.940Z,2025-02-27T11:32:19.940Z
67c04d43329509453886cbc0,67c04d43329509453886cb32,GigabitEthernet14 InUcastPkts,1.3.6.1.2.1.2.2.1.11.14,counter,Packets,60,false,false,0,2025-02-27T11:32:19.941Z,2025-02-27T11:32:19.941Z
67c04d43329509453886cbc1,67c04d43329509453886cb32,GigabitEthernet14  InNUcastPkts,1.3.6.1.2.1.2.2.1.12.14,counter,Packets,60,false,false,0,2025-02-27T11:32:19.941Z,2025-02-27T11:32:19.941Z
67c04d43329509453886cbc2,67c04d43329509453886cb32,GigabitEthernet14 OutOctets,1.3.6.1.2.1.2.2.1.16.14,counter,Octets,60,false,false,0,2025-02-27T11:32:19.941Z,2025-02-27T11:32:19.941Z
67c04d43329509453886cbc3,67c04d43329509453886cb32,GigabitEthernet14 OutUcastPkts,1.3.6.1.2.1.2.2.1.17.14,counter,Packets,60,false,false,0,2025-02-27T11:32:19.941Z,2025-02-27T11:32:19.941Z
67c04d43329509453886cbc4,67c04d43329509453886cb32,GigabitEthernet14 OutNUcastPkts,1.3.6.1.2.1.2.2.1.18.14,counter,Packets,60,false,false,0,2025-02-27T11:32:19.941Z,2025-02-27T11:32:19.941Z
67c04d43329509453886cbc5,67c04d43329509453886cb32,GigabitEthernet16 OutOctets,1.3.6.1.2.1.2.2.1.16.16,counter,Octets,60,false,false,0,2025-02-27T11:32:19.941Z,2025-02-27T11:32:19.941Z
67c04d43329509453886cbc6,67c04d43329509453886cb32,GigabitEthernet16 OutUcastPkts,1.3.6.1.2.1.2.2.1.17.16,counter,Packets,60,false,false,0,2025-02-27T11:32:19.941Z,2025-02-27T11:32:19.941Z
67c04d43329509453886cbc7,67c04d43329509453886cb32,GigabitEthernet16 OutNUcastPkts,1.3.6.1.2.1.2.2.1.18.16,counter,Packets,60,false,false,0,2025-02-27T11:32:19.941Z,2025-02-27T11:32:19.941Z
67c04d43329509453886cbc8,67c04d43329509453886cb32,GigabitEthernet17 InOctets,1.3.6.1.2.1.2.2.1.10.17,counter,Octets,60,false,false,0,2025-02-27T11:32:19.941Z,2025-02-27T11:32:19.941Z
67c04d43329509453886cbc9,67c04d43329509453886cb32,GigabitEthernet17 InUcastPkts,1.3.6.1.2.1.2.2.1.11.17,counter,Packets,60,false,false,0,2025-02-27T11:32:19.941Z,2025-02-27T11:32:19.941Z
67c04d43329509453886cbca,67c04d43329509453886cb32,GigabitEthernet17  InNUcastPkts,1.3.6.1.2.1.2.2.1.12.17,counter,Packets,60,false,false,0,2025-02-27T11:32:19.941Z,2025-02-27T11:32:19.941Z
67c04d43329509453886cbcb,67c04d43329509453886cb32,GigabitEthernet17 InErrors,1.3.6.1.2.1.2.2.1.14.17,counter,Packets,60,false,false,0,2025-02-27T11:32:19.941Z,2025-02-27T11:32:19.941Z
67c04d43329509453886cbcc,67c04d43329509453886cb32,GigabitEthernet17 OutOctets,1.3.6.1.2.1.2.2.1.16.17,counter,Octets,60,false,false,0,2025-02-27T11:32:19.941Z,2025-02-27T11:32:19.941Z
67c04d43329509453886cbcd,67c04d43329509453886cb32,GigabitEthernet17 OutUcastPkts,1.3.6.1.2.1.2.2.1.17.17,counter,Packets,60,false,false,0,2025-02-27T11:32:19.941Z,2025-02-27T11:32:19.941Z
67c04d43329509453886cbce,67c04d43329509453886cb32,GigabitEthernet17 OutNUcastPkts,1.3.6.1.2.1.2.2.1.18.17,counter,Packets,60,false,false,0,2025-02-27T11:32:19.941Z,2025-02-27T11:32:19.941Z
67c04d43329509453886cbcf,67c04d43329509453886cb32,GigabitEthernet27 InOctets,1.3.6.1.2.1.2.2.1.10.27,counter,Octets,60,false,false,0,2025-02-27T11:32:19.941Z,2025-02-27T11:32:19.941Z
67c04d43329509453886cbd0,67c04d43329509453886cb32,GigabitEthernet27 InUcastPkts,1.3.6.1.2.1.2.2.1.11.27,counter,Packets,60,false,false,0,2025-02-27T11:32:19.941Z,2025-02-27T11:32:19.941Z
67c04d43329509453886cbd1,67c04d43329509453886cb32,GigabitEthernet27  InNUcastPkts,1.3.6.1.2.1.2.2.1.12.27,counter,Packets,60,false,false,0,2025-02-27T11:32:19.941Z,2025-02-27T11:32:19.941Z
67c04d43329509453886cbd2,67c04d43329509453886cb32,GigabitEthernet27 OutOctets,1.3.6.1.2.1.2.2.1.16.27,counter,Octets,60,false,false,0,2025-02-27T11:32:19.941Z,2025-02-27T11:32:19.941Z
67c04d43329509453886cbd3,67c04d43329509453886cb32,GigabitEthernet27 OutUcastPkts,1.3.6.1.2.1.2.2.1.17.27,counter,Packets,60,false,false,0,2025-02-27T11:32:19.941Z,2025-02-27T11:32:19.941Z
67c04d43329509453886cbd4,67c04d43329509453886cb32,GigabitEthernet27 OutNUcastPkts,1.3.6.1.2.1.2.2.1.18.27,counter,Packets,60,false,false,0,2025-02-27T11:32:19.941Z,2025-02-27T11:32:19.941Z
67c04d43329509453886cbd5,67c04d43329509453886cb32,GigabitEthernet38 InOctets,1.3.6.1.2.1.2.2.1.10.38,counter,Octets,60,false,false,0,2025-02-27T11:32:19.941Z,2025-02-27T11:32:19.941Z
67c04d43329509453886cbd6,67c04d43329509453886cb32,GigabitEthernet38 InUcastPkts,1.3.6.1.2.1.2.2.1.11.38,counter,Packets,60,false,false,0,2025-02-27T11:32:19.941Z,2025-02-27T11:32:19.941Z
67c04d43329509453886cbd7,67c04d43329509453886cb32,GigabitEthernet38  InNUcastPkts,1.3.6.1.2.1.2.2.1.12.38,counter,Packets,60,false,false,0,2025-02-27T11:32:19.941Z,2025-02-27T11:32:19.941Z
67c04d43329509453886cbd8,67c04d43329509453886cb32,GigabitEthernet38 OutOctets,1.3.6.1.2.1.2.2.1.16.38,counter,Octets,60,false,false,0,2025-02-27T11:32:19.941Z,2025-02-27T11:32:19.941Z
67c04d43329509453886cbd9,67c04d43329509453886cb32,GigabitEthernet38 OutUcastPkts,1.3.6.1.2.1.2.2.1.17.38,counter,Packets,60,false,false,0,2025-02-27T11:32:19.941Z,2025-02-27T11:32:19.941Z
67c04d43329509453886cbda,67c04d43329509453886cb32,GigabitEthernet38 OutNUcastPkts,1.3.6.1.2.1.2.2.1.18.38,counter,Packets,60,false,false,0,2025-02-27T11:32:19.941Z,2025-02-27T11:32:19.941Z
67c04d43329509453886cbdb,67c04d43329509453886cb32,GigabitEthernet41 InOctets,1.3.6.1.2.1.2.2.1.10.41,counter,Octets,60,false,false,0,2025-02-27T11:32:19.941Z,2025-02-27T11:32:19.941Z
67c04d43329509453886cbdc,67c04d43329509453886cb32,GigabitEthernet41 InUcastPkts,1.3.6.1.2.1.2.2.1.11.41,counter,Packets,60,false,false,0,2025-02-27T11:32:19.941Z,2025-02-27T11:32:19.941Z
67c04d43329509453886cbdd,67c04d43329509453886cb32,GigabitEthernet41  InNUcastPkts,1.3.6.1.2.1.2.2.1.12.41,counter,Packets,60,false,false,0,2025-02-27T11:32:19.941Z,2025-02-27T11:32:19.941Z
67c04d43329509453886cbde,67c04d43329509453886cb32,GigabitEthernet41 OutOctets,1.3.6.1.2.1.2.2.1.16.41,counter,Octets,60,false,false,0,2025-02-27T11:32:19.941Z,2025-02-27T11:32:19.941Z
67c04d43329509453886cbdf,67c04d43329509453886cb32,GigabitEthernet41 OutUcastPkts,1.3.6.1.2.1.2.2.1.17.41,counter,Packets,60,false,false,0,2025-02-27T11:32:19.941Z,2025-02-27T11:32:19.941Z
67c04d43329509453886cbe0,67c04d43329509453886cb32,GigabitEthernet41 OutNUcastPkts,1.3.6.1.2.1.2.2.1.18.41,counter,Packets,60,false,false,0,2025-02-27T11:32:19.941Z,2025-02-27T11:32:19.941Z
67c04d43329509453886cbe1,67c04d43329509453886cb32,GigabitEthernet44 InOctets,1.3.6.1.2.1.2.2.1.10.44,counter,Octets,60,false,false,0,2025-02-27T11:32:19.941Z,2025-02-27T11:32:19.941Z
67c04d43329509453886cbe2,67c04d43329509453886cb32,GigabitEthernet44 InUcastPkts,1.3.6.1.2.1.2.2.1.11.44,counter,Packets,60,false,false,0,2025-02-27T11:32:19.941Z,2025-02-27T11:32:19.941Z
67c04d43329509453886cbe3,67c04d43329509453886cb32,GigabitEthernet44  InNUcastPkts,1.3.6.1.2.1.2.2.1.12.44,counter,Packets,60,false,false,0,2025-02-27T11:32:19.941Z,2025-02-27T11:32:19.941Z
67c04d43329509453886cbe4,67c04d43329509453886cb32,GigabitEthernet44 OutOctets,1.3.6.1.2.1.2.2.1.16.44,counter,Octets,60,false,false,0,2025-02-27T11:32:19.941Z,2025-02-27T11:32:19.941Z
67c04d43329509453886cbe5,67c04d43329509453886cb32,GigabitEthernet44 OutUcastPkts,1.3.6.1.2.1.2.2.1.17.44,counter,Packets,60,false,false,0,2025-02-27T11:32:19.941Z,2025-02-27T11:32:19.941Z
67c04d43329509453886cbe6,67c04d43329509453886cb32,GigabitEthernet44 OutNUcastPkts,1.3.6.1.2.1.2.2.1.18.44,counter,Packets,60,false,false,0,2025-02-27T11:32:19.941Z,2025-02-27T11:32:19.941Z
67c04d43329509453886cbe7,67c04d43329509453886cb32,GigabitEthernet45 InOctets,1.3.6.1.2.1.2.2.1.10.45,counter,Octets,60,false,false,0,2025-02-27T11:32:19.941Z,2025-02-27T11:32:19.941Z
67c04d43329509453886cbe8,67c04d43329509453886cb32,GigabitEthernet45 InUcastPkts,1.3.6.1.2.1.2.2.1.11.45,counter,Packets,60,false,false,0,2025-02-27T11:32:19.941Z,2025-02-27T11:32:19.941Z
67c04d43329509453886cbe9,67c04d43329509453886cb32,GigabitEthernet45  InNUcastPkts,1.3.6.1.2.1.2.2.1.12.45,counter,Packets,60,false,false,0,2025-02-27T11:32:19.941Z,2025-02-27T11:32:19.941Z
67c04d43329509453886cbea,67c04d43329509453886cb32,GigabitEthernet45 OutOctets,1.3.6.1.2.1.2.2.1.16.45,counter,Octets,60,false,false,0,2025-02-27T11:32:19.941Z,2025-02-27T11:32:19.941Z
67c04d43329509453886cbeb,67c04d43329509453886cb32,GigabitEthernet45 OutUcastPkts,1.3.6.1.2.1.2.2.1.17.45,counter,Packets,60,false,false,0,2025-02-27T11:32:19.941Z,2025-02-27T11:32:19.941Z
67c04d43329509453886cbec,67c04d43329509453886cb32,GigabitEthernet45 OutNUcastPkts,1.3.6.1.2.1.2.2.1.18.45,counter,Packets,60,false,false,0,2025-02-27T11:32:19.941Z,2025-02-27T11:32:19.941Z
67c04d43329509453886cbed,67c04d43329509453886cb32,GigabitEthernet46 InOctets,1.3.6.1.2.1.2.2.1.10.46,counter,Octets,60,false,false,0,2025-02-27T11:32:19.941Z,2025-02-27T11:32:19.941Z
67c04d43329509453886cbee,67c04d43329509453886cb32,GigabitEthernet46  InNUcastPkts,1.3.6.1.2.1.2.2.1.12.46,counter,Packets,60,false,false,0,2025-02-27T11:32:19.941Z,2025-02-27T11:32:19.941Z
67c04d43329509453886cbef,67c04d43329509453886cb32,GigabitEthernet46 OutOctets,1.3.6.1.2.1.2.2.1.16.46,counter,Octets,60,false,false,0,2025-02-27T11:32:19.941Z,2025-02-27T11:32:19.941Z
67c04d43329509453886cbf0,67c04d43329509453886cb32,GigabitEthernet46 OutNUcastPkts,1.3.6.1.2.1.2.2.1.18.46,counter,Packets,60,false,false,0,2025-02-27T11:32:19.941Z,2025-02-27T11:32:19.941Z
67c04d43329509453886cbf1,67c04d43329509453886cb32,GigabitEthernet47 InOctets,1.3.6.1.2.1.2.2.1.10.47,counter,Octets,60,false,false,0,2025-02-27T11:32:19.942Z,2025-02-27T11:32:19.942Z
67c04d43329509453886cbf2,67c04d43329509453886cb32,GigabitEthernet47 InUcastPkts,1.3.6.1.2.1.2.2.1.11.47,counter,Packets,60,false,false,0,2025-02-27T11:32:19.942Z,2025-02-27T11:32:19.942Z
67c04d43329509453886cbf3,67c04d43329509453886cb32,GigabitEthernet47  InNUcastPkts,1.3.6.1.2.1.2.2.1.12.47,counter,Packets,60,false,false,0,2025-02-27T11:32:19.942Z,2025-02-27T11:32:19.942Z
67c04d43329509453886cbf4,67c04d43329509453886cb32,GigabitEthernet47 OutOctets,1.3.6.1.2.1.2.2.1.16.47,counter,Octets,60,false,false,0,2025-02-27T11:32:19.942Z,2025-02-27T11:32:19.942Z
67c04d43329509453886cbf5,67c04d43329509453886cb32,GigabitEthernet47 OutUcastPkts,1.3.6.1.2.1.2.2.1.17.47,counter,Packets,60,false,false,0,2025-02-27T11:32:19.942Z,2025-02-27T11:32:19.942Z
67c04d43329509453886cbf6,67c04d43329509453886cb32,GigabitEthernet47 OutNUcastPkts,1.3.6.1.2.1.2.2.1.18.47,counter,Packets,60,false,false,0,2025-02-27T11:32:19.942Z,2025-02-27T11:32:19.942Z
67c04d43329509453886cbf7,67c04d43329509453886cb32,GigabitEthernet48 InOctets,1.3.6.1.2.1.2.2.1.10.48,counter,Octets,60,false,false,0,2025-02-27T11:32:19.942Z,2025-02-27T11:32:19.942Z
67c04d43329509453886cbf8,67c04d43329509453886cb32,GigabitEthernet48  InNUcastPkts,1.3.6.1.2.1.2.2.1.12.48,counter,Packets,60,false,false,0,2025-02-27T11:32:19.942Z,2025-02-27T11:32:19.942Z
67c04d43329509453886cbf9,67c04d43329509453886cb32,GigabitEthernet48 OutOctets,1.3.6.1.2.1.2.2.1.16.48,counter,Octets,60,false,false,0,2025-02-27T11:32:19.942Z,2025-02-27T11:32:19.942Z
67c04d43329509453886cbfa,67c04d43329509453886cb32,GigabitEthernet48 OutNUcastPkts,1.3.6.1.2.1.2.2.1.18.48,counter,Packets,60,false,false,0,2025-02-27T11:32:19.942Z,2025-02-27T11:32:19.942Z
67c04d43329509453886cbfb,67c04d43329509453886cb32,GigabitEthernet49 InOctets,1.3.6.1.2.1.2.2.1.10.49,counter,Octets,60,false,false,0,2025-02-27T11:32:19.942Z,2025-02-27T11:32:19.942Z
67c04d43329509453886cbfc,67c04d43329509453886cb32,GigabitEthernet49 InUcastPkts,1.3.6.1.2.1.2.2.1.11.49,counter,Packets,60,false,false,0,2025-02-27T11:32:19.942Z,2025-02-27T11:32:19.942Z
67c04d43329509453886cbfd,67c04d43329509453886cb32,GigabitEthernet49  InNUcastPkts,1.3.6.1.2.1.2.2.1.12.49,counter,Packets,60,false,false,0,2025-02-27T11:32:19.942Z,2025-02-27T11:32:19.942Z
67c04d43329509453886cbfe,67c04d43329509453886cb32,GigabitEthernet49 OutOctets,1.3.6.1.2.1.2.2.1.16.49,counter,Octets,60,false,false,0,2025-02-27T11:32:19.942Z,2025-02-27T11:32:19.942Z
67c04d43329509453886cbff,67c04d43329509453886cb32,GigabitEthernet49 OutUcastPkts,1.3.6.1.2.1.2.2.1.17.49,counter,Packets,60,false,false,0,2025-02-27T11:32:19.942Z,2025-02-27T11:32:19.942Z
67c04d43329509453886cc00,67c04d43329509453886cb32,GigabitEthernet49 OutNUcastPkts,1.3.6.1.2.1.2.2.1.18.49,counter,Packets,60,false,false,0,2025-02-27T11:32:19.942Z,2025-02-27T11:32:19.942Z
67c04d43329509453886cc01,67c04d43329509453886cb32,Port-Channel1 InOctets,1.3.6.1.2.1.2.2.1.10.1000,counter,Octets,60,false,false,0,2025-02-27T11:32:19.942Z,2025-02-27T11:32:19.942Z
67c04d43329509453886cc02,67c04d43329509453886cb32,Port-Channel1 InUcastPkts,1.3.6.1.2.1.2.2.1.11.1000,counter,Packets,60,false,false,0,2025-02-27T11:32:19.942Z,2025-02-27T11:32:19.942Z
67c04d43329509453886cc03,67c04d43329509453886cb32,Port-Channel1  InNUcastPkts,1.3.6.1.2.1.2.2.1.12.1000,counter,Packets,60,false,false,0,2025-02-27T11:32:19.942Z,2025-02-27T11:32:19.942Z
67c04d43329509453886cc04,67c04d43329509453886cb32,Port-Channel1 OutOctets,1.3.6.1.2.1.2.2.1.16.1000,counter,Octets,60,false,false,0,2025-02-27T11:32:19.942Z,2025-02-27T11:32:19.942Z
67c04d43329509453886cc05,67c04d43329509453886cb32,Port-Channel1 OutUcastPkts,1.3.6.1.2.1.2.2.1.17.1000,counter,Packets,60,false,false,0,2025-02-27T11:32:19.942Z,2025-02-27T11:32:19.942Z
67c04d43329509453886cc06,67c04d43329509453886cb32,Port-Channel1 OutNUcastPkts,1.3.6.1.2.1.2.2.1.18.1000,counter,Packets,60,false,false,0,2025-02-27T11:32:19.942Z,2025-02-27T11:32:19.942Z
67c04d43329509453886cc07,67c04d43329509453886cb32,Port-Channel2 InOctets,1.3.6.1.2.1.2.2.1.10.1001,counter,Octets,60,false,false,0,2025-02-27T11:32:19.942Z,2025-02-27T11:32:19.942Z
67c04d43329509453886cc08,67c04d43329509453886cb32,Port-Channel2 InUcastPkts,1.3.6.1.2.1.2.2.1.11.1001,counter,Packets,60,false,false,0,2025-02-27T11:32:19.942Z,2025-02-27T11:32:19.942Z
67c04d43329509453886cc09,67c04d43329509453886cb32,Port-Channel2  InNUcastPkts,1.3.6.1.2.1.2.2.1.12.1001,counter,Packets,60,false,false,0,2025-02-27T11:32:19.942Z,2025-02-27T11:32:19.942Z
67c04d43329509453886cc0a,67c04d43329509453886cb32,Port-Channel2 OutOctets,1.3.6.1.2.1.2.2.1.16.1001,counter,Octets,60,false,false,0,2025-02-27T11:32:19.942Z,2025-02-27T11:32:19.942Z
67c04d43329509453886cc0b,67c04d43329509453886cb32,Port-Channel2 OutUcastPkts,1.3.6.1.2.1.2.2.1.17.1001,counter,Packets,60,false,false,0,2025-02-27T11:32:19.942Z,2025-02-27T11:32:19.942Z
67c04d43329509453886cc0c,67c04d43329509453886cb32,Port-Channel2 OutNUcastPkts,1.3.6.1.2.1.2.2.1.18.1001,counter,Packets,60,false,false,0,2025-02-27T11:32:19.942Z,2025-02-27T11:32:19.942Z
67c568362f9448b5d9a05a92,67c568352f9448b5d9a05a54,Total Inbound Traffic,1.3.6.1.2.1.2.2.1.10,counter,bit,60,false,true,0,2025-03-03T08:28:38.005Z,2025-03-03T08:28:38.005Z
67c568362f9448b5d9a05a93,67c568352f9448b5d9a05a54,Total Outbound Traffic,1.3.6.1.2.1.2.2.1.16,counter,bit,60,false,true,0,2025-03-03T08:28:38.005Z,2025-03-03T08:28:38.005Z
67c568362f9448b5d9a05a94,67c568352f9448b5d9a05a54,Vlan181 InOctets,1.3.6.1.2.1.2.2.1.10.181,counter,Octets,60,false,false,0,2025-03-03T08:28:38.005Z,2025-03-03T08:28:38.005Z
67c568362f9448b5d9a05a95,67c568352f9448b5d9a05a54,Vlan181 InUcastPkts,1.3.6.1.2.1.2.2.1.11.181,counter,Packets,60,false,false,0,2025-03-03T08:28:38.005Z,2025-03-03T08:28:38.005Z
67c568362f9448b5d9a05a96,67c568352f9448b5d9a05a54,Vlan183 InOctets,1.3.6.1.2.1.2.2.1.10.183,counter,Octets,60,false,false,0,2025-03-03T08:28:38.005Z,2025-03-03T08:28:38.005Z
67c568362f9448b5d9a05a97,67c568352f9448b5d9a05a54,Vlan183 InUcastPkts,1.3.6.1.2.1.2.2.1.11.183,counter,Packets,60,false,false,0,2025-03-03T08:28:38.005Z,2025-03-03T08:28:38.005Z
67c568362f9448b5d9a05a98,67c568352f9448b5d9a05a54,Vlan183 InUnknownProtos,1.3.6.1.2.1.2.2.1.15.183,counter,Packets,60,false,false,0,2025-03-03T08:28:38.005Z,2025-03-03T08:28:38.005Z
67c568362f9448b5d9a05a99,67c568352f9448b5d9a05a54,Vlan183 OutOctets,1.3.6.1.2.1.2.2.1.16.183,counter,Octets,60,false,false,0,2025-03-03T08:28:38.005Z,2025-03-03T08:28:38.005Z
67c568362f9448b5d9a05a9a,67c568352f9448b5d9a05a54,Vlan183 OutUcastPkts,1.3.6.1.2.1.2.2.1.17.183,counter,Packets,60,false,false,0,2025-03-03T08:28:38.005Z,2025-03-03T08:28:38.005Z
67c568362f9448b5d9a05a9b,67c568352f9448b5d9a05a54,GigabitEthernet1/0/7 InOctets,1.3.6.1.2.1.2.2.1.10.10107,counter,Octets,60,false,false,0,2025-03-03T08:28:38.005Z,2025-03-03T08:28:38.005Z
67c568362f9448b5d9a05a9c,67c568352f9448b5d9a05a54,GigabitEthernet1/0/7 InUcastPkts,1.3.6.1.2.1.2.2.1.11.10107,counter,Packets,60,false,false,0,2025-03-03T08:28:38.005Z,2025-03-03T08:28:38.005Z
67c568362f9448b5d9a05a9d,67c568352f9448b5d9a05a54,GigabitEthernet1/0/7 InUnknownProtos,1.3.6.1.2.1.2.2.1.15.10107,counter,Packets,60,false,false,0,2025-03-03T08:28:38.005Z,2025-03-03T08:28:38.005Z
67c568362f9448b5d9a05a9e,67c568352f9448b5d9a05a54,GigabitEthernet1/0/7 OutOctets,1.3.6.1.2.1.2.2.1.16.10107,counter,Octets,60,false,false,0,2025-03-03T08:28:38.005Z,2025-03-03T08:28:38.005Z
67c568362f9448b5d9a05a9f,67c568352f9448b5d9a05a54,GigabitEthernet1/0/7 OutUcastPkts,1.3.6.1.2.1.2.2.1.17.10107,counter,Packets,60,false,false,0,2025-03-03T08:28:38.005Z,2025-03-03T08:28:38.005Z
67c568362f9448b5d9a05aa0,67c568352f9448b5d9a05a54,GigabitEthernet1/0/9 InOctets,1.3.6.1.2.1.2.2.1.10.10109,counter,Octets,60,false,false,0,2025-03-03T08:28:38.005Z,2025-03-03T08:28:38.005Z
67c568362f9448b5d9a05aa1,67c568352f9448b5d9a05a54,GigabitEthernet1/0/9 InUcastPkts,1.3.6.1.2.1.2.2.1.11.10109,counter,Packets,60,false,false,0,2025-03-03T08:28:38.005Z,2025-03-03T08:28:38.005Z
67c568362f9448b5d9a05aa2,67c568352f9448b5d9a05a54,GigabitEthernet1/0/9 InUnknownProtos,1.3.6.1.2.1.2.2.1.15.10109,counter,Packets,60,false,false,0,2025-03-03T08:28:38.005Z,2025-03-03T08:28:38.005Z
67c568362f9448b5d9a05aa3,67c568352f9448b5d9a05a54,GigabitEthernet1/0/9 OutOctets,1.3.6.1.2.1.2.2.1.16.10109,counter,Octets,60,false,false,0,2025-03-03T08:28:38.005Z,2025-03-03T08:28:38.005Z
67c568362f9448b5d9a05aa4,67c568352f9448b5d9a05a54,GigabitEthernet1/0/9 OutUcastPkts,1.3.6.1.2.1.2.2.1.17.10109,counter,Packets,60,false,false,0,2025-03-03T08:28:38.005Z,2025-03-03T08:28:38.005Z
67c568362f9448b5d9a05aa5,67c568352f9448b5d9a05a54,GigabitEthernet1/0/10 InOctets,1.3.6.1.2.1.2.2.1.10.10110,counter,Octets,60,false,false,0,2025-03-03T08:28:38.005Z,2025-03-03T08:28:38.005Z
67c568362f9448b5d9a05aa6,67c568352f9448b5d9a05a54,GigabitEthernet1/0/10 InUcastPkts,1.3.6.1.2.1.2.2.1.11.10110,counter,Packets,60,false,false,0,2025-03-03T08:28:38.005Z,2025-03-03T08:28:38.005Z
67c568362f9448b5d9a05aa7,67c568352f9448b5d9a05a54,GigabitEthernet1/0/10 OutOctets,1.3.6.1.2.1.2.2.1.16.10110,counter,Octets,60,false,false,0,2025-03-03T08:28:38.005Z,2025-03-03T08:28:38.005Z
67c568362f9448b5d9a05aa8,67c568352f9448b5d9a05a54,GigabitEthernet1/0/10 OutUcastPkts,1.3.6.1.2.1.2.2.1.17.10110,counter,Packets,60,false,false,0,2025-03-03T08:28:38.005Z,2025-03-03T08:28:38.005Z
67c568362f9448b5d9a05aa9,67c568352f9448b5d9a05a54,GigabitEthernet1/0/35 InOctets,1.3.6.1.2.1.2.2.1.10.10135,counter,Octets,60,false,false,0,2025-03-03T08:28:38.006Z,2025-03-03T08:28:38.006Z
67c568362f9448b5d9a05aaa,67c568352f9448b5d9a05a54,GigabitEthernet1/0/35 InUcastPkts,1.3.6.1.2.1.2.2.1.11.10135,counter,Packets,60,false,false,0,2025-03-03T08:28:38.006Z,2025-03-03T08:28:38.006Z
67c568362f9448b5d9a05aab,67c568352f9448b5d9a05a54,GigabitEthernet1/0/35 InUnknownProtos,1.3.6.1.2.1.2.2.1.15.10135,counter,Packets,60,false,false,0,2025-03-03T08:28:38.006Z,2025-03-03T08:28:38.006Z
67c568362f9448b5d9a05aac,67c568352f9448b5d9a05a54,GigabitEthernet1/0/35 OutOctets,1.3.6.1.2.1.2.2.1.16.10135,counter,Octets,60,false,false,0,2025-03-03T08:28:38.006Z,2025-03-03T08:28:38.006Z
67c568362f9448b5d9a05aad,67c568352f9448b5d9a05a54,GigabitEthernet1/0/35 OutUcastPkts,1.3.6.1.2.1.2.2.1.17.10135,counter,Packets,60,false,false,0,2025-03-03T08:28:38.006Z,2025-03-03T08:28:38.006Z
67c568362f9448b5d9a05aae,67c568352f9448b5d9a05a54,GigabitEthernet1/0/47 InOctets,1.3.6.1.2.1.2.2.1.10.10147,counter,Octets,60,false,false,0,2025-03-03T08:28:38.006Z,2025-03-03T08:28:38.006Z
67c568362f9448b5d9a05aaf,67c568352f9448b5d9a05a54,GigabitEthernet1/0/47 InUcastPkts,1.3.6.1.2.1.2.2.1.11.10147,counter,Packets,60,false,false,0,2025-03-03T08:28:38.006Z,2025-03-03T08:28:38.006Z
67c568362f9448b5d9a05ab0,67c568352f9448b5d9a05a54,GigabitEthernet1/0/47 InUnknownProtos,1.3.6.1.2.1.2.2.1.15.10147,counter,Packets,60,false,false,0,2025-03-03T08:28:38.006Z,2025-03-03T08:28:38.006Z
67c568362f9448b5d9a05ab1,67c568352f9448b5d9a05a54,GigabitEthernet1/0/47 OutOctets,1.3.6.1.2.1.2.2.1.16.10147,counter,Octets,60,false,false,0,2025-03-03T08:28:38.006Z,2025-03-03T08:28:38.006Z
67c568362f9448b5d9a05ab2,67c568352f9448b5d9a05a54,GigabitEthernet1/0/47 OutUcastPkts,1.3.6.1.2.1.2.2.1.17.10147,counter,Packets,60,false,false,0,2025-03-03T08:28:38.006Z,2025-03-03T08:28:38.006Z
67c568362f9448b5d9a05ab3,67c568352f9448b5d9a05a54,GigabitEthernet1/0/48 InOctets,1.3.6.1.2.1.2.2.1.10.10148,counter,Octets,60,false,false,0,2025-03-03T08:28:38.006Z,2025-03-03T08:28:38.006Z
67c568362f9448b5d9a05ab4,67c568352f9448b5d9a05a54,GigabitEthernet1/0/48 InUcastPkts,1.3.6.1.2.1.2.2.1.11.10148,counter,Packets,60,false,false,0,2025-03-03T08:28:38.006Z,2025-03-03T08:28:38.006Z
67c568362f9448b5d9a05ab5,67c568352f9448b5d9a05a54,GigabitEthernet1/0/48 InUnknownProtos,1.3.6.1.2.1.2.2.1.15.10148,counter,Packets,60,false,false,0,2025-03-03T08:28:38.006Z,2025-03-03T08:28:38.006Z
67c568362f9448b5d9a05ab6,67c568352f9448b5d9a05a54,GigabitEthernet1/0/48 OutOctets,1.3.6.1.2.1.2.2.1.16.10148,counter,Octets,60,false,false,0,2025-03-03T08:28:38.006Z,2025-03-03T08:28:38.006Z
67c568362f9448b5d9a05ab7,67c568352f9448b5d9a05a54,GigabitEthernet1/0/48 OutUcastPkts,1.3.6.1.2.1.2.2.1.17.10148,counter,Packets,60,false,false,0,2025-03-03T08:28:38.006Z,2025-03-03T08:28:38.006Z
67c568362f9448b5d9a05ab8,67c568352f9448b5d9a05a54,GigabitEthernet1/0/52 InOctets,1.3.6.1.2.1.2.2.1.10.10152,counter,Octets,60,false,false,0,2025-03-03T08:28:38.006Z,2025-03-03T08:28:38.006Z
67c568362f9448b5d9a05ab9,67c568352f9448b5d9a05a54,GigabitEthernet1/0/52 InUcastPkts,1.3.6.1.2.1.2.2.1.11.10152,counter,Packets,60,false,false,0,2025-03-03T08:28:38.006Z,2025-03-03T08:28:38.006Z
67c568362f9448b5d9a05aba,67c568352f9448b5d9a05a54,GigabitEthernet1/0/52 InUnknownProtos,1.3.6.1.2.1.2.2.1.15.10152,counter,Packets,60,false,false,0,2025-03-03T08:28:38.006Z,2025-03-03T08:28:38.006Z
67c568362f9448b5d9a05abb,67c568352f9448b5d9a05a54,GigabitEthernet1/0/52 OutOctets,1.3.6.1.2.1.2.2.1.16.10152,counter,Octets,60,false,false,0,2025-03-03T08:28:38.006Z,2025-03-03T08:28:38.006Z
67c568362f9448b5d9a05abc,67c568352f9448b5d9a05a54,GigabitEthernet1/0/52 OutUcastPkts,1.3.6.1.2.1.2.2.1.17.10152,counter,Packets,60,false,false,0,2025-03-03T08:28:38.006Z,2025-03-03T08:28:38.006Z
67c568722f9448b5d9a0c62b,67c568352f9448b5d9a05a54,GigabitEthernet1/0/9 Incoming Bandwidth Utilization,1.3.6.1.2.1.2.2.1.10.10109,integer,%,10,true,false,0,2025-03-03T08:29:38.276Z,2025-03-03T08:29:38.276Z
67c568722f9448b5d9a0c62d,67c568352f9448b5d9a05a54,GigabitEthernet1/0/7 Outgoing Bandwidth Utilization,1.3.6.1.2.1.2.2.1.16.10107,integer,%,10,true,false,0,2025-03-03T08:29:38.278Z,2025-03-03T08:29:38.278Z
67c568722f9448b5d9a0caa4,67c568352f9448b5d9a05a54,GigabitEthernet1/0/7 Incoming Bandwidth Utilization,1.3.6.1.2.1.2.2.1.10.10107,integer,%,10,true,false,0,2025-03-03T08:29:38.387Z,2025-03-03T08:29:38.387Z
67c568722f9448b5d9a0cf6b,67c568352f9448b5d9a05a54,GigabitEthernet1/0/35 Outgoing Bandwidth Utilization,1.3.6.1.2.1.2.2.1.16.10135,integer,%,10,true,false,0,2025-03-03T08:29:38.486Z,2025-03-03T08:29:38.486Z
67c568722f9448b5d9a0cf69,67c568352f9448b5d9a05a54,Vlan181 Incoming Bandwidth Utilization,1.3.6.1.2.1.2.2.1.10.181,integer,%,10,true,false,0,2025-03-03T08:29:38.485Z,2025-03-03T08:29:38.485Z
67c568722f9448b5d9a0cfcc,67c568352f9448b5d9a05a54,Vlan183 Incoming Bandwidth Utilization,1.3.6.1.2.1.2.2.1.10.183,integer,%,10,true,false,0,2025-03-03T08:29:38.523Z,2025-03-03T08:29:38.523Z
67c568722f9448b5d9a0d0b0,67c568352f9448b5d9a05a54,GigabitEthernet1/0/52 Outgoing Bandwidth Utilization,1.3.6.1.2.1.2.2.1.16.10152,integer,%,10,true,false,0,2025-03-03T08:29:38.583Z,2025-03-03T08:29:38.583Z
67c568722f9448b5d9a0d0b5,67c568352f9448b5d9a05a54,GigabitEthernet1/0/10 Outgoing Bandwidth Utilization,1.3.6.1.2.1.2.2.1.16.10110,integer,%,10,true,false,0,2025-03-03T08:29:38.591Z,2025-03-03T08:29:38.591Z
67c568722f9448b5d9a0d0fc,67c568352f9448b5d9a05a54,GigabitEthernet1/0/10 Incoming Bandwidth Utilization,1.3.6.1.2.1.2.2.1.10.10110,integer,%,10,true,false,0,2025-03-03T08:29:38.604Z,2025-03-03T08:29:38.604Z
67c568722f9448b5d9a0d105,67c568352f9448b5d9a05a54,GigabitEthernet1/0/35 Incoming Bandwidth Utilization,1.3.6.1.2.1.2.2.1.10.10135,integer,%,10,true,false,0,2025-03-03T08:29:38.611Z,2025-03-03T08:29:38.611Z
67c568722f9448b5d9a0d148,67c568352f9448b5d9a05a54,Vlan183 Outgoing Bandwidth Utilization,1.3.6.1.2.1.2.2.1.16.183,integer,%,10,true,false,0,2025-03-03T08:29:38.621Z,2025-03-03T08:29:38.621Z
67c568722f9448b5d9a0d14b,67c568352f9448b5d9a05a54,GigabitEthernet1/0/48 Incoming Bandwidth Utilization,1.3.6.1.2.1.2.2.1.10.10148,integer,%,10,true,false,0,2025-03-03T08:29:38.623Z,2025-03-03T08:29:38.623Z
67c568722f9448b5d9a0d14d,67c568352f9448b5d9a05a54,GigabitEthernet1/0/47 Incoming Bandwidth Utilization,1.3.6.1.2.1.2.2.1.10.10147,integer,%,10,true,false,0,2025-03-03T08:29:38.624Z,2025-03-03T08:29:38.624Z
67c568722f9448b5d9a0d152,67c568352f9448b5d9a05a54,GigabitEthernet1/0/47 Outgoing Bandwidth Utilization,1.3.6.1.2.1.2.2.1.16.10147,integer,%,10,true,false,0,2025-03-03T08:29:38.630Z,2025-03-03T08:29:38.630Z
67c568722f9448b5d9a0d155,67c568352f9448b5d9a05a54,GigabitEthernet1/0/48 Outgoing Bandwidth Utilization,1.3.6.1.2.1.2.2.1.16.10148,integer,%,10,true,false,0,2025-03-03T08:29:38.633Z,2025-03-03T08:29:38.633Z
67c568722f9448b5d9a0d1e3,67c568352f9448b5d9a05a54,GigabitEthernet1/0/9 Outgoing Bandwidth Utilization,1.3.6.1.2.1.2.2.1.16.10109,integer,%,10,true,false,0,2025-03-03T08:29:38.652Z,2025-03-03T08:29:38.652Z
67c568722f9448b5d9a0d32e,67c568352f9448b5d9a05a54,GigabitEthernet1/0/52 Incoming Bandwidth Utilization,1.3.6.1.2.1.2.2.1.10.10152,integer,%,10,true,false,0,2025-03-03T08:29:38.675Z,2025-03-03T08:29:38.675Z
67c56c312f9448b5d9a76a36,67c56c312f9448b5d9a76a30,Total Inbound Traffic,1.3.6.1.2.1.2.2.1.10,counter,bit,60,false,true,0,2025-03-03T08:45:37.353Z,2025-03-03T08:45:37.353Z
67c56c312f9448b5d9a76a37,67c56c312f9448b5d9a76a30,Total Outbound Traffic,1.3.6.1.2.1.2.2.1.16,counter,bit,60,false,true,0,2025-03-03T08:45:37.353Z,2025-03-03T08:45:37.353Z
67c56c312f9448b5d9a76a38,67c56c312f9448b5d9a76a30,lo InOctets,1.3.6.1.2.1.2.2.1.10.1,counter,Octets,60,false,false,0,2025-03-03T08:45:37.353Z,2025-03-03T08:45:37.353Z
67c56c312f9448b5d9a76a39,67c56c312f9448b5d9a76a30,lo InUcastPkts,1.3.6.1.2.1.2.2.1.11.1,counter,Packets,60,false,false,0,2025-03-03T08:45:37.353Z,2025-03-03T08:45:37.353Z
67c56c312f9448b5d9a76a3a,67c56c312f9448b5d9a76a30,lo OutOctets,1.3.6.1.2.1.2.2.1.16.1,counter,Octets,60,false,false,0,2025-03-03T08:45:37.353Z,2025-03-03T08:45:37.353Z
67c56c312f9448b5d9a76a3b,67c56c312f9448b5d9a76a30,lo OutUcastPkts,1.3.6.1.2.1.2.2.1.17.1,counter,Packets,60,false,false,0,2025-03-03T08:45:37.353Z,2025-03-03T08:45:37.353Z
67c56c312f9448b5d9a76a3c,67c56c312f9448b5d9a76a30,eth0 InOctets,1.3.6.1.2.1.2.2.1.10.2,counter,Octets,60,false,false,0,2025-03-03T08:45:37.353Z,2025-03-03T08:45:37.353Z
67c56c312f9448b5d9a76a3d,67c56c312f9448b5d9a76a30,eth0 InUcastPkts,1.3.6.1.2.1.2.2.1.11.2,counter,Packets,60,false,false,0,2025-03-03T08:45:37.353Z,2025-03-03T08:45:37.353Z
67c56c312f9448b5d9a76a3e,67c56c312f9448b5d9a76a30,eth0 InDiscards,1.3.6.1.2.1.2.2.1.13.2,counter,Packets,60,false,false,0,2025-03-03T08:45:37.353Z,2025-03-03T08:45:37.353Z
67c56c312f9448b5d9a76a3f,67c56c312f9448b5d9a76a30,eth0 OutOctets,1.3.6.1.2.1.2.2.1.16.2,counter,Octets,60,false,false,0,2025-03-03T08:45:37.353Z,2025-03-03T08:45:37.353Z
67c56c312f9448b5d9a76a40,67c56c312f9448b5d9a76a30,eth0 OutUcastPkts,1.3.6.1.2.1.2.2.1.17.2,counter,Packets,60,false,false,0,2025-03-03T08:45:37.353Z,2025-03-03T08:45:37.353Z
67c56c6d2f9448b5d9a7d4df,67c56c312f9448b5d9a76a30,lo Incoming Bandwidth Utilization,1.3.6.1.2.1.2.2.1.10.1,integer,%,10,true,false,0,2025-03-03T08:46:37.441Z,2025-03-03T08:46:37.441Z
67c56c6d2f9448b5d9a7d4e1,67c56c312f9448b5d9a76a30,lo Outgoing Bandwidth Utilization,1.3.6.1.2.1.2.2.1.16.1,integer,%,10,true,false,0,2025-03-03T08:46:37.442Z,2025-03-03T08:46:37.442Z
67c56c6d2f9448b5d9a7d501,67c56c312f9448b5d9a76a30,eth0 Incoming Bandwidth Utilization,1.3.6.1.2.1.2.2.1.10.2,integer,%,10,true,false,0,2025-03-03T08:46:37.461Z,2025-03-03T08:46:37.461Z
67c56c6d2f9448b5d9a7d51c,67c56c312f9448b5d9a76a30,eth0 Outgoing Bandwidth Utilization,1.3.6.1.2.1.2.2.1.16.2,integer,%,10,true,false,0,2025-03-03T08:46:37.474Z,2025-03-03T08:46:37.474Z
67c5a52039ff9eb7f19f0074,67c5a52039ff9eb7f19f0070,Total Inbound Traffic,1.3.6.1.2.1.2.2.1.10,counter,bit,60,false,true,0,2025-03-03T12:48:32.527Z,2025-03-03T12:48:32.527Z
67c5a52039ff9eb7f19f0075,67c5a52039ff9eb7f19f0070,Total Outbound Traffic,1.3.6.1.2.1.2.2.1.16,counter,bit,60,false,true,0,2025-03-03T12:48:32.527Z,2025-03-03T12:48:32.527Z
67c5a52039ff9eb7f19f0076,67c5a52039ff9eb7f19f0070,NC-8500h InOctets,1.3.6.1.2.1.2.2.1.10.1,counter,Octets,60,false,false,0,2025-03-03T12:48:32.527Z,2025-03-03T12:48:32.527Z
67c5a52039ff9eb7f19f0077,67c5a52039ff9eb7f19f0070,NC-8500h InUcastPkts,1.3.6.1.2.1.2.2.1.11.1,counter,Packets,60,false,false,0,2025-03-03T12:48:32.527Z,2025-03-03T12:48:32.527Z
67c5a52039ff9eb7f19f0078,67c5a52039ff9eb7f19f0070,NC-8500h  InNUcastPkts,1.3.6.1.2.1.2.2.1.12.1,counter,Packets,60,false,false,0,2025-03-03T12:48:32.527Z,2025-03-03T12:48:32.527Z
67c5a52039ff9eb7f19f0079,67c5a52039ff9eb7f19f0070,NC-8500h InUnknownProtos,1.3.6.1.2.1.2.2.1.15.1,counter,Packets,60,false,false,0,2025-03-03T12:48:32.527Z,2025-03-03T12:48:32.527Z
67c5a52039ff9eb7f19f007a,67c5a52039ff9eb7f19f0070,NC-8500h OutOctets,1.3.6.1.2.1.2.2.1.16.1,counter,Octets,60,false,false,0,2025-03-03T12:48:32.527Z,2025-03-03T12:48:32.527Z
67c5a52039ff9eb7f19f007b,67c5a52039ff9eb7f19f0070,NC-8500h OutUcastPkts,1.3.6.1.2.1.2.2.1.17.1,counter,Packets,60,false,false,0,2025-03-03T12:48:32.527Z,2025-03-03T12:48:32.527Z
67c5a52039ff9eb7f19f007c,67c5a52039ff9eb7f19f0070,NC-8500h OutNUcastPkts,1.3.6.1.2.1.2.2.1.18.1,counter,Packets,60,false,false,0,2025-03-03T12:48:32.527Z,2025-03-03T12:48:32.527Z
67c5a55c39ff9eb7f19f6ffc,67c5a52039ff9eb7f19f0070,NC-8500h Outgoing Bandwidth Utilization,1.3.6.1.2.1.2.2.1.16.1,integer,%,10,true,false,0,2025-03-03T12:49:32.625Z,2025-03-03T12:49:32.625Z
67c5a5d439ff9eb7f1a04e33,67c5a52039ff9eb7f19f0070,NC-8500h Incoming Bandwidth Utilization,1.3.6.1.2.1.2.2.1.10.1,integer,%,10,true,false,0,2025-03-03T12:51:32.639Z,2025-03-03T12:51:32.639Z
67c6c983a6923c36235051f5,67c568352f9448b5d9a05a54,CPUTotal5min,1.3.6.1.4.1.9.9.109.1.1.1.1.8.1,integer,%,150,false,false,0,2025-03-04T09:36:03.763Z,2025-03-04T10:32:20.763Z
67c6cba4a6923c362353f4e5,67c568352f9448b5d9a05a54,Used memory index 1,1.3.6.1.4.1.9.9.48.1.1.1.5.1,integer,bytes,150,false,false,0,2025-03-04T09:45:08.328Z,2025-03-04T10:32:25.163Z
67c6cba4a6923c362353f4e8,67c568352f9448b5d9a05a54,Used memory index 2,1.3.6.1.4.1.9.9.48.1.1.1.5.2,integer,bytes,150,false,false,0,2025-03-04T09:45:08.330Z,2025-03-04T10:32:29.955Z
67c6cbf3a6923c3623549217,67c568352f9448b5d9a05a54,Free memory index 1,1.3.6.1.4.1.9.9.48.1.1.1.6.1,integer,bytes,150,false,false,0,2025-03-04T09:46:27.841Z,2025-03-04T10:32:01.134Z
67c6cbf3a6923c3623549219,67c568352f9448b5d9a05a54,Free memory index 2,1.3.6.1.4.1.9.9.48.1.1.1.6.2,integer,bytes,150,false,false,0,2025-03-04T09:46:27.842Z,2025-03-04T10:32:09.543Z
67c6d098a5bd055af11ff8b8,67c568352f9448b5d9a05a54,Temperature,1.3.6.1.4.1.9.9.13.1.3.1.3.1008,integer,C,150,false,false,0,2025-03-04T10:06:16.261Z,2025-03-04T10:32:14.137Z
67c73c209aa53fc50eef9bb2,67c04ccb3295094538866cd3,GigabitEthernet1 Incoming Bandwidth Utilization,1.3.6.1.2.1.2.2.1.10.1,integer,%,10,true,false,0,2025-03-04T17:45:04.313Z,2025-03-04T17:45:04.313Z
67c73c5c9aa53fc50ef002f4,67c04ccb3295094538866cd3,GigabitEthernet1 Outgoing Bandwidth Utilization,1.3.6.1.2.1.2.2.1.16.1,integer,%,10,true,false,0,2025-03-04T17:46:04.418Z,2025-03-04T17:46:04.418Z
67c73c5c9aa53fc50ef002f6,67c04ccb3295094538866cd3,GigabitEthernet2 Incoming Bandwidth Utilization,1.3.6.1.2.1.2.2.1.10.2,integer,%,10,true,false,0,2025-03-04T17:46:04.419Z,2025-03-04T17:46:04.419Z
67c73c5c9aa53fc50ef00571,67c04ccb3295094538866cd3,GigabitEthernet2 Outgoing Bandwidth Utilization,1.3.6.1.2.1.2.2.1.16.2,integer,%,10,true,false,0,2025-03-04T17:46:04.550Z,2025-03-04T17:46:04.550Z
67c73c5c9aa53fc50ef00657,67c04ccb3295094538866cd3,GigabitEthernet5 Incoming Bandwidth Utilization,1.3.6.1.2.1.2.2.1.10.5,integer,%,10,true,false,0,2025-03-04T17:46:04.565Z,2025-03-04T17:46:04.565Z
67c73c5c9aa53fc50ef0079a,67c04ccb3295094538866cd3,GigabitEthernet5 Outgoing Bandwidth Utilization,1.3.6.1.2.1.2.2.1.16.5,integer,%,10,true,false,0,2025-03-04T17:46:04.630Z,2025-03-04T17:46:04.630Z
67c73c5c9aa53fc50ef009c2,67c04ccb3295094538866cd3,GigabitEthernet6 Outgoing Bandwidth Utilization,1.3.6.1.2.1.2.2.1.16.6,integer,%,10,true,false,0,2025-03-04T17:46:04.742Z,2025-03-04T17:46:04.742Z
67c73c5c9aa53fc50ef00b9a,67c04ccb3295094538866cd3,GigabitEthernet7 Incoming Bandwidth Utilization,1.3.6.1.2.1.2.2.1.10.7,integer,%,10,true,false,0,2025-03-04T17:46:04.882Z,2025-03-04T17:46:04.882Z
67c73c5c9aa53fc50ef00b9e,67c04ccb3295094538866cd3,GigabitEthernet7 Outgoing Bandwidth Utilization,1.3.6.1.2.1.2.2.1.16.7,integer,%,10,true,false,0,2025-03-04T17:46:04.885Z,2025-03-04T17:46:04.885Z
67c73c5c9aa53fc50ef00d26,67c04ccb3295094538866cd3,GigabitEthernet11 Incoming Bandwidth Utilization,1.3.6.1.2.1.2.2.1.10.11,integer,%,10,true,false,0,2025-03-04T17:46:04.939Z,2025-03-04T17:46:04.939Z
67c73c5d9aa53fc50ef00e60,67c04ccb3295094538866cd3,GigabitEthernet11 Outgoing Bandwidth Utilization,1.3.6.1.2.1.2.2.1.16.11,integer,%,10,true,false,0,2025-03-04T17:46:05.006Z,2025-03-04T17:46:05.006Z
67c73c5d9aa53fc50ef01176,67c04ccb3295094538866cd3,GigabitEthernet17 Incoming Bandwidth Utilization,1.3.6.1.2.1.2.2.1.10.17,integer,%,10,true,false,0,2025-03-04T17:46:05.203Z,2025-03-04T17:46:05.203Z
67c73c5d9aa53fc50ef012b0,67c04ccb3295094538866cd3,GigabitEthernet17 Outgoing Bandwidth Utilization,1.3.6.1.2.1.2.2.1.16.17,integer,%,10,true,false,0,2025-03-04T17:46:05.265Z,2025-03-04T17:46:05.265Z
67c73c5d9aa53fc50ef013ea,67c04ccb3295094538866cd3,GigabitEthernet18 Incoming Bandwidth Utilization,1.3.6.1.2.1.2.2.1.10.18,integer,%,10,true,false,0,2025-03-04T17:46:05.337Z,2025-03-04T17:46:05.337Z
67c73c5d9aa53fc50ef01524,67c04ccb3295094538866cd3,GigabitEthernet18 Outgoing Bandwidth Utilization,1.3.6.1.2.1.2.2.1.16.18,integer,%,10,true,false,0,2025-03-04T17:46:05.410Z,2025-03-04T17:46:05.410Z
67c73c5d9aa53fc50ef0165e,67c04ccb3295094538866cd3,GigabitEthernet20 Incoming Bandwidth Utilization,1.3.6.1.2.1.2.2.1.10.20,integer,%,10,true,false,0,2025-03-04T17:46:05.485Z,2025-03-04T17:46:05.485Z
67c73c5d9aa53fc50ef01798,67c04ccb3295094538866cd3,GigabitEthernet20 Outgoing Bandwidth Utilization,1.3.6.1.2.1.2.2.1.16.20,integer,%,10,true,false,0,2025-03-04T17:46:05.564Z,2025-03-04T17:46:05.564Z
67c73c5d9aa53fc50ef018d2,67c04ccb3295094538866cd3,GigabitEthernet21 Incoming Bandwidth Utilization,1.3.6.1.2.1.2.2.1.10.21,integer,%,10,true,false,0,2025-03-04T17:46:05.631Z,2025-03-04T17:46:05.631Z
67c73c5d9aa53fc50ef01a0c,67c04ccb3295094538866cd3,GigabitEthernet21 Outgoing Bandwidth Utilization,1.3.6.1.2.1.2.2.1.16.21,integer,%,10,true,false,0,2025-03-04T17:46:05.698Z,2025-03-04T17:46:05.698Z
67c73c5d9aa53fc50ef01b46,67c04ccb3295094538866cd3,GigabitEthernet22 Incoming Bandwidth Utilization,1.3.6.1.2.1.2.2.1.10.22,integer,%,10,true,false,0,2025-03-04T17:46:05.768Z,2025-03-04T17:46:05.768Z
67c73c5d9aa53fc50ef01c80,67c04ccb3295094538866cd3,GigabitEthernet22 Outgoing Bandwidth Utilization,1.3.6.1.2.1.2.2.1.16.22,integer,%,10,true,false,0,2025-03-04T17:46:05.848Z,2025-03-04T17:46:05.848Z
67c73c5d9aa53fc50ef01dba,67c04ccb3295094538866cd3,GigabitEthernet24 Incoming Bandwidth Utilization,1.3.6.1.2.1.2.2.1.10.24,integer,%,10,true,false,0,2025-03-04T17:46:05.918Z,2025-03-04T17:46:05.918Z
67c73c5e9aa53fc50ef01fe2,67c04ccb3295094538866cd3,GigabitEthernet25 Incoming Bandwidth Utilization,1.3.6.1.2.1.2.2.1.10.25,integer,%,10,true,false,0,2025-03-04T17:46:06.052Z,2025-03-04T17:46:06.052Z
67c73c5e9aa53fc50ef02123,67c04ccb3295094538866cd3,GigabitEthernet25 Outgoing Bandwidth Utilization,1.3.6.1.2.1.2.2.1.16.25,integer,%,10,true,false,0,2025-03-04T17:46:06.129Z,2025-03-04T17:46:06.129Z
67c73c5e9aa53fc50ef02260,67c04ccb3295094538866cd3,GigabitEthernet26 Incoming Bandwidth Utilization,1.3.6.1.2.1.2.2.1.10.26,integer,%,10,true,false,0,2025-03-04T17:46:06.188Z,2025-03-04T17:46:06.188Z
67c73c989aa53fc50ef0739e,67c04ccb3295094538866cd3,GigabitEthernet6 Incoming Bandwidth Utilization,1.3.6.1.2.1.2.2.1.10.6,integer,%,10,true,false,0,2025-03-04T17:47:04.688Z,2025-03-04T17:47:04.688Z
67c73c999aa53fc50ef0797e,67c04ccb3295094538866cd3,GigabitEthernet16 Incoming Bandwidth Utilization,1.3.6.1.2.1.2.2.1.10.16,integer,%,10,true,false,0,2025-03-04T17:47:05.082Z,2025-03-04T17:47:05.082Z
67c73c999aa53fc50ef07a6e,67c04ccb3295094538866cd3,GigabitEthernet16 Outgoing Bandwidth Utilization,1.3.6.1.2.1.2.2.1.16.16,integer,%,10,true,false,0,2025-03-04T17:47:05.143Z,2025-03-04T17:47:05.143Z
67c73c999aa53fc50ef085ec,67c04ccb3295094538866cd3,GigabitEthernet24 Outgoing Bandwidth Utilization,1.3.6.1.2.1.2.2.1.16.24,integer,%,10,true,false,0,2025-03-04T17:47:05.985Z,2025-03-04T17:47:05.985Z
67c73c9a9aa53fc50ef089f0,67c04ccb3295094538866cd3,GigabitEthernet26 Outgoing Bandwidth Utilization,1.3.6.1.2.1.2.2.1.16.26,integer,%,10,true,false,0,2025-03-04T17:47:06.250Z,2025-03-04T17:47:06.250Z
67c73c9a9aa53fc50ef08b2a,67c04ccb3295094538866cd3,GigabitEthernet27 Incoming Bandwidth Utilization,1.3.6.1.2.1.2.2.1.10.27,integer,%,10,true,false,0,2025-03-04T17:47:06.313Z,2025-03-04T17:47:06.313Z
67c73c9a9aa53fc50ef08c64,67c04ccb3295094538866cd3,GigabitEthernet27 Outgoing Bandwidth Utilization,1.3.6.1.2.1.2.2.1.16.27,integer,%,10,true,false,0,2025-03-04T17:47:06.373Z,2025-03-04T17:47:06.373Z
67c73c9a9aa53fc50ef08d9e,67c04ccb3295094538866cd3,GigabitEthernet28 Incoming Bandwidth Utilization,1.3.6.1.2.1.2.2.1.10.28,integer,%,10,true,false,0,2025-03-04T17:47:06.433Z,2025-03-04T17:47:06.433Z
67c73c9a9aa53fc50ef08ed8,67c04ccb3295094538866cd3,GigabitEthernet28 Outgoing Bandwidth Utilization,1.3.6.1.2.1.2.2.1.16.28,integer,%,10,true,false,0,2025-03-04T17:47:06.495Z,2025-03-04T17:47:06.495Z
67c73c9a9aa53fc50ef09012,67c04ccb3295094538866cd3,GigabitEthernet29 Incoming Bandwidth Utilization,1.3.6.1.2.1.2.2.1.10.29,integer,%,10,true,false,0,2025-03-04T17:47:06.559Z,2025-03-04T17:47:06.559Z
67c73c9a9aa53fc50ef0914c,67c04ccb3295094538866cd3,GigabitEthernet29 Outgoing Bandwidth Utilization,1.3.6.1.2.1.2.2.1.16.29,integer,%,10,true,false,0,2025-03-04T17:47:06.626Z,2025-03-04T17:47:06.626Z
67c73c9a9aa53fc50ef09286,67c04ccb3295094538866cd3,GigabitEthernet49 Incoming Bandwidth Utilization,1.3.6.1.2.1.2.2.1.10.49,integer,%,10,true,false,0,2025-03-04T17:47:06.690Z,2025-03-04T17:47:06.690Z
67c73c9a9aa53fc50ef093c0,67c04ccb3295094538866cd3,GigabitEthernet49 Outgoing Bandwidth Utilization,1.3.6.1.2.1.2.2.1.16.49,integer,%,10,true,false,0,2025-03-04T17:47:06.751Z,2025-03-04T17:47:06.751Z
67c73c9a9aa53fc50ef094fa,67c04ccb3295094538866cd3,GigabitEthernet50 Incoming Bandwidth Utilization,1.3.6.1.2.1.2.2.1.10.50,integer,%,10,true,false,0,2025-03-04T17:47:06.820Z,2025-03-04T17:47:06.820Z
67c73c9a9aa53fc50ef0967e,67c04ccb3295094538866cd3,GigabitEthernet50 Outgoing Bandwidth Utilization,1.3.6.1.2.1.2.2.1.16.50,integer,%,10,true,false,0,2025-03-04T17:47:06.885Z,2025-03-04T17:47:06.885Z
67c73d149aa53fc50ef16d49,67c04d43329509453886cb32,GigabitEthernet4 Outgoing Bandwidth Utilization,1.3.6.1.2.1.2.2.1.16.4,integer,%,10,true,false,0,2025-03-04T17:49:08.024Z,2025-03-04T17:49:08.024Z
67c73d149aa53fc50ef174ed,67c04d43329509453886cb32,GigabitEthernet8 Outgoing Bandwidth Utilization,1.3.6.1.2.1.2.2.1.16.8,integer,%,10,true,false,0,2025-03-04T17:49:08.660Z,2025-03-04T17:49:08.660Z
67c73d159aa53fc50ef18175,67c04d43329509453886cb32,GigabitEthernet38 Outgoing Bandwidth Utilization,1.3.6.1.2.1.2.2.1.16.38,integer,%,10,true,false,0,2025-03-04T17:49:09.475Z,2025-03-04T17:49:09.475Z
67c73d159aa53fc50ef182ab,67c04d43329509453886cb32,GigabitEthernet41 Incoming Bandwidth Utilization,1.3.6.1.2.1.2.2.1.10.41,integer,%,10,true,false,0,2025-03-04T17:49:09.537Z,2025-03-04T17:49:09.537Z
67c73d159aa53fc50ef1842b,67c04d43329509453886cb32,GigabitEthernet41 Outgoing Bandwidth Utilization,1.3.6.1.2.1.2.2.1.16.41,integer,%,10,true,false,0,2025-03-04T17:49:09.612Z,2025-03-04T17:49:09.612Z
67c73d159aa53fc50ef18517,67c04d43329509453886cb32,GigabitEthernet44 Incoming Bandwidth Utilization,1.3.6.1.2.1.2.2.1.10.44,integer,%,10,true,false,0,2025-03-04T17:49:09.662Z,2025-03-04T17:49:09.662Z
67c73d159aa53fc50ef1864d,67c04d43329509453886cb32,GigabitEthernet44 Outgoing Bandwidth Utilization,1.3.6.1.2.1.2.2.1.16.44,integer,%,10,true,false,0,2025-03-04T17:49:09.724Z,2025-03-04T17:49:09.724Z
67c73d159aa53fc50ef18784,67c04d43329509453886cb32,GigabitEthernet45 Incoming Bandwidth Utilization,1.3.6.1.2.1.2.2.1.10.45,integer,%,10,true,false,0,2025-03-04T17:49:09.788Z,2025-03-04T17:49:09.788Z
67c73d159aa53fc50ef188ba,67c04d43329509453886cb32,GigabitEthernet45 Outgoing Bandwidth Utilization,1.3.6.1.2.1.2.2.1.16.45,integer,%,10,true,false,0,2025-03-04T17:49:09.857Z,2025-03-04T17:49:09.857Z
67c73d159aa53fc50ef189f0,67c04d43329509453886cb32,GigabitEthernet46 Incoming Bandwidth Utilization,1.3.6.1.2.1.2.2.1.10.46,integer,%,10,true,false,0,2025-03-04T17:49:09.923Z,2025-03-04T17:49:09.923Z
67c73d159aa53fc50ef18b23,67c04d43329509453886cb32,GigabitEthernet46 Outgoing Bandwidth Utilization,1.3.6.1.2.1.2.2.1.16.46,integer,%,10,true,false,0,2025-03-04T17:49:09.977Z,2025-03-04T17:49:09.977Z
67c73d169aa53fc50ef18bc2,67c04d43329509453886cb32,GigabitEthernet47 Incoming Bandwidth Utilization,1.3.6.1.2.1.2.2.1.10.47,integer,%,10,true,false,0,2025-03-04T17:49:10.016Z,2025-03-04T17:49:10.016Z
67c73d169aa53fc50ef18d45,67c04d43329509453886cb32,GigabitEthernet47 Outgoing Bandwidth Utilization,1.3.6.1.2.1.2.2.1.16.47,integer,%,10,true,false,0,2025-03-04T17:49:10.097Z,2025-03-04T17:49:10.097Z
67c73d169aa53fc50ef18e2e,67c04d43329509453886cb32,GigabitEthernet48 Incoming Bandwidth Utilization,1.3.6.1.2.1.2.2.1.10.48,integer,%,10,true,false,0,2025-03-04T17:49:10.142Z,2025-03-04T17:49:10.142Z
67c73d169aa53fc50ef18f17,67c04d43329509453886cb32,GigabitEthernet48 Outgoing Bandwidth Utilization,1.3.6.1.2.1.2.2.1.16.48,integer,%,10,true,false,0,2025-03-04T17:49:10.194Z,2025-03-04T17:49:10.194Z
67c73d169aa53fc50ef19000,67c04d43329509453886cb32,GigabitEthernet49 Incoming Bandwidth Utilization,1.3.6.1.2.1.2.2.1.10.49,integer,%,10,true,false,0,2025-03-04T17:49:10.244Z,2025-03-04T17:49:10.244Z
67c73d169aa53fc50ef19136,67c04d43329509453886cb32,GigabitEthernet49 Outgoing Bandwidth Utilization,1.3.6.1.2.1.2.2.1.16.49,integer,%,10,true,false,0,2025-03-04T17:49:10.316Z,2025-03-04T17:49:10.316Z
67c73d169aa53fc50ef1926c,67c04d43329509453886cb32,Port-Channel1 Incoming Bandwidth Utilization,1.3.6.1.2.1.2.2.1.10.1000,integer,%,10,true,false,0,2025-03-04T17:49:10.379Z,2025-03-04T17:49:10.379Z
67c73d169aa53fc50ef193a2,67c04d43329509453886cb32,Port-Channel1 Outgoing Bandwidth Utilization,1.3.6.1.2.1.2.2.1.16.1000,integer,%,10,true,false,0,2025-03-04T17:49:10.448Z,2025-03-04T17:49:10.448Z
67c73d169aa53fc50ef194d8,67c04d43329509453886cb32,Port-Channel2 Incoming Bandwidth Utilization,1.3.6.1.2.1.2.2.1.10.1001,integer,%,10,true,false,0,2025-03-04T17:49:10.510Z,2025-03-04T17:49:10.510Z
67c73d169aa53fc50ef1960e,67c04d43329509453886cb32,Port-Channel2 Outgoing Bandwidth Utilization,1.3.6.1.2.1.2.2.1.16.1001,integer,%,10,true,false,0,2025-03-04T17:49:10.577Z,2025-03-04T17:49:10.577Z
67c73d4f9aa53fc50ef1d56c,67c04d43329509453886cb32,GigabitEthernet1 Incoming Bandwidth Utilization,1.3.6.1.2.1.2.2.1.10.1,integer,%,10,true,false,0,2025-03-04T17:50:07.618Z,2025-03-04T17:50:07.618Z
67c73d4f9aa53fc50ef1d6eb,67c04d43329509453886cb32,GigabitEthernet1 Outgoing Bandwidth Utilization,1.3.6.1.2.1.2.2.1.16.1,integer,%,10,true,false,0,2025-03-04T17:50:07.709Z,2025-03-04T17:50:07.709Z
67c73d4f9aa53fc50ef1d737,67c04d43329509453886cb32,GigabitEthernet2 Incoming Bandwidth Utilization,1.3.6.1.2.1.2.2.1.10.2,integer,%,10,true,false,0,2025-03-04T17:50:07.713Z,2025-03-04T17:50:07.713Z
67c73d4f9aa53fc50ef1d95f,67c04d43329509453886cb32,GigabitEthernet2 Outgoing Bandwidth Utilization,1.3.6.1.2.1.2.2.1.16.2,integer,%,10,true,false,0,2025-03-04T17:50:07.820Z,2025-03-04T17:50:07.820Z
67c73d4f9aa53fc50ef1da9d,67c04d43329509453886cb32,GigabitEthernet3 Outgoing Bandwidth Utilization,1.3.6.1.2.1.2.2.1.16.3,integer,%,10,true,false,0,2025-03-04T17:50:07.887Z,2025-03-04T17:50:07.887Z
67c73d509aa53fc50ef1de94,67c04d43329509453886cb32,GigabitEthernet5 Outgoing Bandwidth Utilization,1.3.6.1.2.1.2.2.1.16.5,integer,%,10,true,false,0,2025-03-04T17:50:08.153Z,2025-03-04T17:50:08.153Z
67c73d509aa53fc50ef1dfca,67c04d43329509453886cb32,GigabitEthernet6 Incoming Bandwidth Utilization,1.3.6.1.2.1.2.2.1.10.6,integer,%,10,true,false,0,2025-03-04T17:50:08.220Z,2025-03-04T17:50:08.220Z
67c73d509aa53fc50ef1e100,67c04d43329509453886cb32,GigabitEthernet6 Outgoing Bandwidth Utilization,1.3.6.1.2.1.2.2.1.16.6,integer,%,10,true,false,0,2025-03-04T17:50:08.292Z,2025-03-04T17:50:08.292Z
67c73d509aa53fc50ef1e236,67c04d43329509453886cb32,GigabitEthernet7 Incoming Bandwidth Utilization,1.3.6.1.2.1.2.2.1.10.7,integer,%,10,true,false,0,2025-03-04T17:50:08.361Z,2025-03-04T17:50:08.361Z
67c73d509aa53fc50ef1e3b5,67c04d43329509453886cb32,GigabitEthernet7 Outgoing Bandwidth Utilization,1.3.6.1.2.1.2.2.1.16.7,integer,%,10,true,false,0,2025-03-04T17:50:08.433Z,2025-03-04T17:50:08.433Z
67c73d509aa53fc50ef1e4a3,67c04d43329509453886cb32,GigabitEthernet8 Incoming Bandwidth Utilization,1.3.6.1.2.1.2.2.1.10.8,integer,%,10,true,false,0,2025-03-04T17:50:08.595Z,2025-03-04T17:50:08.595Z
67c73d509aa53fc50ef1e6c4,67c04d43329509453886cb32,GigabitEthernet9 Incoming Bandwidth Utilization,1.3.6.1.2.1.2.2.1.10.9,integer,%,10,true,false,0,2025-03-04T17:50:08.717Z,2025-03-04T17:50:08.717Z
67c73d509aa53fc50ef1e7fa,67c04d43329509453886cb32,GigabitEthernet9 Outgoing Bandwidth Utilization,1.3.6.1.2.1.2.2.1.16.9,integer,%,10,true,false,0,2025-03-04T17:50:08.776Z,2025-03-04T17:50:08.776Z
67c73d509aa53fc50ef1e930,67c04d43329509453886cb32,GigabitEthernet11 Incoming Bandwidth Utilization,1.3.6.1.2.1.2.2.1.10.11,integer,%,10,true,false,0,2025-03-04T17:50:08.840Z,2025-03-04T17:50:08.840Z
67c73d509aa53fc50ef1ea66,67c04d43329509453886cb32,GigabitEthernet11 Outgoing Bandwidth Utilization,1.3.6.1.2.1.2.2.1.16.11,integer,%,10,true,false,0,2025-03-04T17:50:08.901Z,2025-03-04T17:50:08.901Z
67c73d509aa53fc50ef1eb9c,67c04d43329509453886cb32,GigabitEthernet14 Incoming Bandwidth Utilization,1.3.6.1.2.1.2.2.1.10.14,integer,%,10,true,false,0,2025-03-04T17:50:08.963Z,2025-03-04T17:50:08.963Z
67c73d519aa53fc50ef1ecdc,67c04d43329509453886cb32,GigabitEthernet14 Outgoing Bandwidth Utilization,1.3.6.1.2.1.2.2.1.16.14,integer,%,10,true,false,0,2025-03-04T17:50:09.024Z,2025-03-04T17:50:09.024Z
67c73d519aa53fc50ef1ee12,67c04d43329509453886cb32,GigabitEthernet16 Outgoing Bandwidth Utilization,1.3.6.1.2.1.2.2.1.16.16,integer,%,10,true,false,0,2025-03-04T17:50:09.096Z,2025-03-04T17:50:09.096Z
67c73d519aa53fc50ef1ef91,67c04d43329509453886cb32,GigabitEthernet17 Incoming Bandwidth Utilization,1.3.6.1.2.1.2.2.1.10.17,integer,%,10,true,false,0,2025-03-04T17:50:09.161Z,2025-03-04T17:50:09.161Z
67c73d519aa53fc50ef1f0cc,67c04d43329509453886cb32,GigabitEthernet17 Outgoing Bandwidth Utilization,1.3.6.1.2.1.2.2.1.16.17,integer,%,10,true,false,0,2025-03-04T17:50:09.238Z,2025-03-04T17:50:09.238Z
67c73d519aa53fc50ef1f202,67c04d43329509453886cb32,GigabitEthernet27 Incoming Bandwidth Utilization,1.3.6.1.2.1.2.2.1.10.27,integer,%,10,true,false,0,2025-03-04T17:50:09.298Z,2025-03-04T17:50:09.298Z
67c73d519aa53fc50ef1f338,67c04d43329509453886cb32,GigabitEthernet27 Outgoing Bandwidth Utilization,1.3.6.1.2.1.2.2.1.16.27,integer,%,10,true,false,0,2025-03-04T17:50:09.356Z,2025-03-04T17:50:09.356Z
67c73d519aa53fc50ef1f46e,67c04d43329509453886cb32,GigabitEthernet38 Incoming Bandwidth Utilization,1.3.6.1.2.1.2.2.1.10.38,integer,%,10,true,false,0,2025-03-04T17:50:09.416Z,2025-03-04T17:50:09.416Z
67c73d8b9aa53fc50ef244dc,67c04d43329509453886cb32,GigabitEthernet3 Incoming Bandwidth Utilization,1.3.6.1.2.1.2.2.1.10.3,integer,%,10,true,false,0,2025-03-04T17:51:07.836Z,2025-03-04T17:51:07.836Z
67c73d8b9aa53fc50ef246b4,67c04d43329509453886cb32,GigabitEthernet4 Incoming Bandwidth Utilization,1.3.6.1.2.1.2.2.1.10.4,integer,%,10,true,false,0,2025-03-04T17:51:07.962Z,2025-03-04T17:51:07.962Z
67c73d8c9aa53fc50ef248d5,67c04d43329509453886cb32,GigabitEthernet5 Incoming Bandwidth Utilization,1.3.6.1.2.1.2.2.1.10.5,integer,%,10,true,false,0,2025-03-04T17:51:08.093Z,2025-03-04T17:51:08.093Z
